scenario_id,sensor_mode,rmse_full_mean,rmse_full_std,rmse_steady_mean,rmse_steady_std,rmse_steady_xy_mean,rmse_steady_xy_std,median_error_steady_mean,mean_nees_steady_mean,n_repetitions,divergence_rate_pct,empirical_divergence_rate_pct,distance_scale
2,baseline_geometric,3.8393778083316117,,3.8393778083316117,,3.6041412725745334,,0.11282646224243044,,1,0.0,0.0,0.5
2,camera_only,1.55454027378532,,0.35803271736823683,,0.3375657006959706,,0.04480085166202451,3.2767829548960106,1,0.0,0.0,0.5
2,fusion,1.0845381762970858,,0.40791369249931686,,0.3721472854177227,,0.14977679294299934,42.83621157986505,1,0.0,0.0,0.5
2,rf_only,6.6664227174675394,,6.6664227174675394,,1.0434192249777627,,6.05618806877646,72.63809472588383,1,100.0,0.0,0.5
2,track_to_track_ci,2.2715417482817033,,2.2715417482817033,,2.134085219036528,,0.32660504101850124,73.75885826480535,1,100.0,0.0,0.5
2,baseline_geometric,2.9592208843317866,,2.9592208843317866,,2.831031321114049,,0.09254613723713294,,1,0.0,0.0,0.75
2,camera_only,1.723395734115895,,0.32018740057033224,,0.3067896749743265,,0.04414807869658266,3.411504937522819,1,0.0,0.0,0.75
2,fusion,0.9681364869910953,,0.32762538354461485,,0.30795690990253877,,0.19301053448822847,52.66021911195551,1,0.0,0.0,0.75
2,rf_only,6.718310700088862,,6.718310700088862,,1.3353765309950858,,6.126405478561285,89.59652014533006,1,100.0,0.0,0.75
2,track_to_track_ci,2.3946296908548867,,0.635775108381835,,0.6097831484617248,,0.2690747719201521,60.74377136664772,1,0.0,0.0,0.75
2,baseline_geometric,2.393187773258435,,2.393187773258435,,2.3229688836760896,,0.08538172703007038,,1,0.0,0.0,1.0
2,camera_only,2.277429852120764,,0.13509780571431576,,0.1268407397929797,,0.0468033871276659,3.436139263556321,1,0.0,0.0,1.0
2,fusion,1.1648828947325474,,0.2732856021913352,,0.25582297852587554,,0.14609921582529264,52.83473969896561,1,0.0,0.0,1.0
2,rf_only,6.867211191897855,,6.867211191897855,,1.9509284196844714,,6.163695693812702,105.03909785299119,1,100.0,0.0,1.0
2,track_to_track_ci,3.250477105601532,,0.3275707847442366,,0.29006551314805273,,0.2923767818053777,49.10565770718527,1,0.0,0.0,1.0
2,baseline_geometric,1.394552412354721,,1.394552412354721,,1.369024622709095,,0.08897365763205832,,1,0.0,0.0,1.25
2,camera_only,11.576987291383888,,0.07704491698873671,,0.06824331744878163,,0.04383719575665642,3.3812495719497755,1,0.0,0.0,1.25
2,fusion,1.411040250631362,,0.2572556846327212,,0.2388258050821121,,0.16599299792619865,56.85244478735249,1,0.0,0.0,1.25
2,rf_only,7.102487241486755,,7.102487241486755,,2.6632417734631346,,6.16636348315602,112.84643699286764,1,100.0,0.0,1.25
2,track_to_track_ci,4.016498648575089,,0.32082994583112046,,0.28045251081954,,0.2869514175774784,47.353886607204714,1,0.0,0.0,1.25
2,baseline_geometric,0.13203260502012987,,0.13203260502012987,,0.11142626065766624,,0.09417501593658109,,1,0.0,0.0,1.5
2,camera_only,10.829751218461647,,0.06346987862914195,,0.054491523062694856,,0.04924115464473096,3.520902892658486,1,0.0,0.0,1.5
2,fusion,0.9166801984413836,,0.26882819690262844,,0.2527343957904418,,0.19445278963886486,54.69988246299652,1,0.0,0.0,1.5
2,rf_only,7.4143055042282064,,7.4143055042282064,,3.4087325738281145,,6.188896951318647,114.66751751733514,1,100.0,0.0,1.5
2,track_to_track_ci,0.33897369364129337,,0.34046361783044665,,0.3026780689140203,,0.29899376367411795,46.091856561000164,1,0.0,0.0,1.5
2,baseline_geometric,0.15682900272907288,,0.15682900272907288,,0.1334934565830839,,0.11274528303265219,,1,0.0,0.0,2.0
2,camera_only,14.198051120711407,,0.08249712299583567,,0.07553437760562175,,0.05849941703448243,3.2512121063626904,1,0.0,0.0,2.0
2,fusion,1.5145844686825995,,0.20476067296567502,,0.19656260328394723,,0.18868630057610244,50.29603099809362,1,0.0,0.0,2.0
2,rf_only,8.181298045162057,,8.181298045162057,,4.856044663484775,,6.599111142270897,107.79339293356672,1,100.0,0.0,2.0
2,track_to_track_ci,0.3768947593647056,,0.3778115907215835,,0.3428889959618265,,0.331386061661606,45.44914050452822,1,0.0,0.0,2.0
3,baseline_geometric,4.4992372470130375,,4.4992372470130375,,4.241576521958149,,0.12762708918389937,,1,0.0,0.0,0.5
3,camera_only,1.479583202864992,,0.4381681071786093,,0.41921197617299233,,0.0464769008053472,3.0557229911728077,1,0.0,0.0,0.5
3,fusion,0.401858559916789,,0.24882002250761312,,0.23277344393668822,,0.1294609056383511,39.63922282803875,1,0.0,0.0,0.5
3,rf_only,43301082.09822079,,43301082.09822079,,43301082.09822029,,37282511.13641225,3860542687348.5425,1,100.0,100.0,0.5
3,track_to_track_ci,2.6004703049803735,,2.094432827285948,,1.214386456455871,,0.2626635067732993,109.59762908513754,1,0.0,0.0,0.5
3,baseline_geometric,3.448046920790865,,3.448046920790865,,3.3161439681649507,,0.09633645580703294,,1,0.0,0.0,0.75
3,camera_only,1.621632975330059,,0.2442814288350368,,0.23423778442206733,,0.04739524691026582,3.920169648632892,1,0.0,0.0,0.75
3,fusion,0.4625010551023552,,0.23970370114488,,0.22672841687562173,,0.14497873321028248,42.718678063196556,1,0.0,0.0,0.75
3,rf_only,6.703909749510221,,6.703909749510221,,1.2609273479650622,,6.072598328328115,82.81508537238302,1,100.0,0.0,0.75
3,track_to_track_ci,2.2944433660314396,,0.7748030891776888,,0.6514466342143467,,0.31357275572079435,49.14849966348752,1,0.0,0.0,0.75
3,baseline_geometric,2.3100132779008224,,2.3100132779008224,,2.256852584651991,,0.09288614325418283,,1,0.0,0.0,1.0
3,camera_only,1.7951959163774933,,0.07583209595096373,,0.06494499619361314,,0.0508733448791349,3.8209941336827837,1,0.0,0.0,1.0
3,fusion,0.6014993928421518,,0.1688989424153404,,0.15299094017816162,,0.1578542068836351,43.666717620492385,1,0.0,0.0,1.0
3,rf_only,6.773092488648849,,6.773092488648849,,1.5881793755649973,,6.066970884114913,86.2430877513566,1,100.0,0.0,1.0
3,track_to_track_ci,2.559431435484383,,0.27209649225717114,,0.23416504595499646,,0.2597318857532004,43.21121767916595,1,0.0,0.0,1.0
3,baseline_geometric,0.13607108169144863,,0.13607108169144863,,0.1132465728433726,,0.09509478018905607,,1,0.0,0.0,1.25
3,camera_only,0.0676994385940334,,0.06722600695772633,,0.05613677194557525,,0.05229284999880586,3.2395945779108968,1,0.0,0.0,1.25
3,fusion,0.3904603746022671,,0.1889820092652589,,0.1728996362540312,,0.17002701885321753,46.58840726404363,1,0.0,0.0,1.25
3,rf_only,6.895921558613123,,6.895921558613123,,2.0496990089278877,,6.078163260426384,87.53865057161201,1,100.0,0.0,1.25
3,track_to_track_ci,0.8360599939801229,,0.3015154747811079,,0.26762073461306,,0.2694705067190406,43.64642714795292,1,0.0,0.0,1.25
3,baseline_geometric,0.14036877792950517,,0.14036877792950517,,0.11499647989558305,,0.1088805428180996,,1,0.0,0.0,1.5
3,camera_only,0.07652620514423174,,0.07563435800972644,,0.06398954376837572,,0.059528806831837415,3.2974319913743035,1,0.0,0.0,1.5
3,fusion,0.48674038269368125,,0.21318911890234776,,0.1962586620641057,,0.19189957434609595,49.10276604588292,1,0.0,0.0,1.5
3,rf_only,7.082001208524055,,7.082001208524055,,2.608116752540607,,6.091708713713893,86.92410352105172,1,100.0,0.0,1.5
3,track_to_track_ci,0.26708899586967105,,0.2683524180627267,,0.22472173107545867,,0.26123704347670923,40.539676668139215,1,0.0,0.0,1.5
3,baseline_geometric,0.17199359439861162,,0.17199359439861162,,0.1426226785625757,,0.13315894542720713,,1,0.0,0.0,2.0
3,camera_only,4.081839610856722,,0.10625886439014806,,0.09245780232341201,,0.07618737520132995,4.258718779151849,1,0.0,0.0,2.0
3,fusion,2.35620393151474,,0.3256271589152885,,0.29734473684650253,,0.27743326943536933,59.78404485841544,1,0.0,0.0,2.0
3,rf_only,7.66567499210766,,7.66567499210766,,3.925570669691645,,6.2237214650453945,81.84742446711758,1,100.0,0.0,2.0
3,track_to_track_ci,2.1045740482351483,,2.112817685699267,,2.087253980802904,,0.3198939176458129,85.20011350282398,1,0.0,0.0,2.0
