scenario_id,repetition,sensor_mode,pearson_r,p_value
1,0,fusion,0.6356534557694117,0.003444729628473
1,0,track_to_track_ci,0.355944719916263,0.13473519697722
1,1,fusion,0.6511741696372343,0.0025286330589234
1,1,track_to_track_ci,0.413531564185579,0.0784186191287862
1,10,fusion,0.6597876607205534,0.0021143453332086
1,10,track_to_track_ci,0.3621036703676284,0.1276424360529559
1,11,fusion,0.7527117028589468,0.0002001424154353
1,11,track_to_track_ci,0.3599849899999855,0.1300519018741259
1,12,fusion,0.668326355845402,0.0017609556091295
1,12,track_to_track_ci,0.3905795339187292,0.0982592217590097
1,13,fusion,0.5466392308743251,0.0154437266382317
1,13,track_to_track_ci,0.3649318951200211,0.1244754147776563
1,14,fusion,0.6088333593848737,0.0056654541200494
1,14,track_to_track_ci,0.3559188164457624,0.1347655996887486
1,15,fusion,0.587474332325973,0.0081724459644035
1,15,track_to_track_ci,0.3980366951359945,0.091452174473162
1,16,fusion,0.5282889707454093,0.0200632984526796
1,16,track_to_track_ci,0.3751932619898205,0.1134522700964947
1,17,fusion,0.6564377913824708,0.002268190825135
1,17,track_to_track_ci,0.3705775193745647,0.1183207063620888
1,18,fusion,0.6323702392371814,0.0036699126285045
1,18,track_to_track_ci,0.3579125779386375,0.1324395893722514
1,19,fusion,0.6358294483573412,0.003432988520534
1,19,track_to_track_ci,0.4758040465868884,0.0394819578539993
1,2,fusion,0.610326241096858,0.0055169805041634
1,2,track_to_track_ci,0.4283538858836872,0.0672868589548848
1,20,fusion,0.7754903400809904,9.579468726799142e-05
1,20,track_to_track_ci,0.3828934773633072,0.1056521637216633
1,21,fusion,0.4990976568107999,0.0295977175422766
1,21,track_to_track_ci,0.3825035535799567,0.106037595418164
1,22,fusion,0.7181557270569963,0.0005342458460598
1,22,track_to_track_ci,0.3870126221643973,0.1016419244180586
1,23,fusion,0.7046129617148702,0.000756185437251
1,23,track_to_track_ci,0.37670058035685,0.1118939330382656
1,24,fusion,0.737920686486587,0.0003102654587245
1,24,track_to_track_ci,0.3795815383586131,0.1089582229386154
1,25,fusion,0.5698259115958189,0.0108649544868678
1,25,track_to_track_ci,0.3902288790420329,0.0985880992885659
1,26,fusion,0.6317962834932425,0.0037104961738155
1,26,track_to_track_ci,0.3533315152019885,0.1378266048177013
1,27,fusion,0.6878878708506727,0.0011327545934724
1,27,track_to_track_ci,0.4547771112930569,0.0504282284816156
1,28,fusion,0.7365837322257418,0.0003223555071043
1,28,track_to_track_ci,0.3774645957344211,0.1111099399173113
1,29,fusion,0.7307776098578405,0.0003796003840077
1,29,track_to_track_ci,0.4062291069483053,0.0843779342116911
1,3,fusion,0.7068080946877028,0.0007156930150316
1,3,track_to_track_ci,0.3708990767830777,0.1179768049822726
1,4,fusion,0.6909238844655601,0.0010546654159511
1,4,track_to_track_ci,0.4132606693807337,0.0786339708904433
1,5,fusion,0.6105525394430871,0.0054947546378985
1,5,track_to_track_ci,0.3586579302022382,0.1315773243355022
1,6,fusion,0.7612686630109307,0.0001531730467821
1,6,track_to_track_ci,0.4846048005612707,0.0354867664490053
1,7,fusion,0.5908504436863846,0.0077252325351346
1,7,track_to_track_ci,0.3571648451388854,0.1333085938200866
1,8,fusion,0.6357351672573324,0.0034392742439286
1,8,track_to_track_ci,0.3925891896942449,0.0963897055061514
1,9,fusion,0.519152785710729,0.022738895838931
1,9,track_to_track_ci,0.3616220410721023,0.1281873776578926
2,0,fusion,0.229333224837346,0.3449413673883986
2,0,track_to_track_ci,0.3293450773618482,0.1685436178640899
2,1,fusion,-0.0304373537214839,0.901557374203373
2,1,track_to_track_ci,0.315984016899521,0.1875347764127611
2,10,fusion,0.0039808778766224,0.9870954413580832
2,10,track_to_track_ci,0.3261442517289814,0.1729685992850421
2,11,fusion,0.0282452861183929,0.9086177656204232
2,11,track_to_track_ci,0.2961637484298275,0.21826309483208
2,12,fusion,0.1440010600112524,0.5564301493224746
2,12,track_to_track_ci,0.3267170143564515,0.1721710495671321
2,13,fusion,-0.0071367154508662,0.9768673924259432
2,13,track_to_track_ci,0.2848614581021425,0.2371759670599234
2,14,fusion,0.0223327736585034,0.9276925832517364
2,14,track_to_track_ci,0.261614677251101,0.2792888956576569
2,15,fusion,0.0719067898183992,0.7698781436498321
2,15,track_to_track_ci,0.2851944395822487,0.2366042069121882
2,16,fusion,0.1885831888059462,0.439412320172049
2,16,track_to_track_ci,0.3057193706707292,0.2030634638820746
2,17,fusion,0.2044997388086291,0.4010168097813119
2,17,track_to_track_ci,0.1958708091767316,0.4215999427423155
2,18,fusion,0.0749137871825277,0.7605173760117201
2,18,track_to_track_ci,0.2985650264171252,0.2143756398579679
2,19,fusion,-0.0234012796768411,0.9242423017592132
2,19,track_to_track_ci,0.1929105064688661,0.4287886054400654
2,2,fusion,0.1545131513983592,0.5276518249077403
2,2,track_to_track_ci,0.3342532758738205,0.1619092246366753
2,20,fusion,0.1910025573835615,0.433455858359546
2,20,track_to_track_ci,0.3217706432029013,0.1791414376314988
2,21,fusion,0.1528357510028496,0.5321972359286259
2,21,track_to_track_ci,0.3231088179720967,0.1772371906616483
2,22,fusion,0.0310157080540744,0.8996957210819551
2,22,track_to_track_ci,0.3167430808516562,0.1864190238504451
2,23,fusion,0.016567520559993,0.9463288295589336
2,23,track_to_track_ci,0.2453337776465741,0.3113629049838139
2,24,fusion,0.041388869280914,0.8663997126508024
2,24,track_to_track_ci,0.2034669492571489,0.4034510473768457
2,25,fusion,0.1172222620853929,0.6327036693461942
2,25,track_to_track_ci,0.3164447327423996,0.1868570347972956
2,26,fusion,0.1802793354957938,0.460177175449516
2,26,track_to_track_ci,0.3219371504259148,0.1789037453741715
2,27,fusion,0.2831814819462823,0.2400741572270395
2,27,track_to_track_ci,0.3311867416549818,0.1660328931858471
2,28,fusion,0.0702610440755502,0.7750143611896588
2,28,track_to_track_ci,0.257042276844423,0.2880823682889981
2,29,fusion,0.0888055470984417,0.7177028995972099
2,29,track_to_track_ci,0.2606027946173058,0.2812204620035949
2,3,fusion,0.1285789343569669,0.5998616311194916
2,3,track_to_track_ci,0.2840811036268499,0.2385193798203249
2,4,fusion,0.1451878156179445,0.5531467759314137
2,4,track_to_track_ci,0.291545008772841,0.2258690536039903
2,5,fusion,-0.1199765308830404,0.6246749632644566
2,5,track_to_track_ci,0.2966976360730953,0.2173948287796324
2,6,fusion,0.1276087803178809,0.602639644207566
2,6,track_to_track_ci,0.3194262358218367,0.1825107812072084
2,7,fusion,-0.0271165747093593,0.912255804521769
2,7,track_to_track_ci,0.3198285984242446,0.1819295015195225
2,8,fusion,0.3200045445051768,0.1816757105503709
2,8,track_to_track_ci,0.3381637534810984,0.1567532743139883
2,9,fusion,0.163499847197911,0.503610661891551
2,9,track_to_track_ci,0.1907055017188063,0.4341849126655948
3,0,fusion,0.3220196608873963,0.1787860390827718
3,0,track_to_track_ci,0.3568580340971761,0.1336663220235535
3,1,fusion,0.4726854514521764,0.0409778456149852
3,1,track_to_track_ci,0.3952009900881126,0.0939988203846703
3,10,fusion,0.2258989407974409,0.3524116180955491
3,10,track_to_track_ci,0.4237311607074486,0.0706233070849651
3,11,fusion,0.4783882578800562,0.0382745730545099
3,11,track_to_track_ci,0.3467745722542613,0.1458012130254935
3,12,fusion,0.3539840711510802,0.1370500271305535
3,12,track_to_track_ci,0.3804414010263685,0.1080928396300698
3,13,fusion,0.3629129522006349,0.1267304584981486
3,13,track_to_track_ci,0.4136356893858067,0.0783359593352754
3,14,fusion,0.3731625598577113,0.1155761652247557
3,14,track_to_track_ci,0.3915284256612433,0.0973732509573787
3,15,fusion,0.4051520429640121,0.0852842743815611
3,15,track_to_track_ci,0.4137610556813954,0.0782365227409008
3,16,fusion,0.362689187342636,0.1269821564506109
3,16,track_to_track_ci,0.3943497871158277,0.0947732311510187
3,17,fusion,0.3060288327496447,0.2025832489762878
3,17,track_to_track_ci,0.4147197030088589,0.0774792351206269
3,18,fusion,0.3557248683079264,0.1349933881859458
3,18,track_to_track_ci,0.3945932592858067,0.0945512518275066
3,19,fusion,0.3387985493267755,0.1559270950549664
3,19,track_to_track_ci,0.4122390648182326,0.0794500417907888
3,2,fusion,0.3325161964991164,0.1642364167904315
3,2,track_to_track_ci,0.3714907128898982,0.1173459193370201
3,20,fusion,0.329305241303056,0.168598210261387
3,20,track_to_track_ci,0.4283635731372438,0.0672799931937092
3,21,fusion,0.3434096870376402,0.1500157145185376
3,21,track_to_track_ci,0.3823072978236008,0.1062319727819945
3,22,fusion,0.3838397294128558,0.1047210104750407
3,22,track_to_track_ci,0.387968456967971,0.1007273143841634
3,23,fusion,0.3738174147162829,0.1148881816575998
3,23,track_to_track_ci,0.4035890039699684,0.0866122395895137
3,24,fusion,0.388872528388282,0.0998677287709022
3,24,track_to_track_ci,0.4193031897795661,0.0739332257975095
3,25,fusion,0.3888815221771624,0.0998592043039337
3,25,track_to_track_ci,0.3969214961970115,0.0924476147914774
3,26,fusion,0.3160481158452267,0.1874403843270585
3,26,track_to_track_ci,0.4245246415924589,0.0700420328074145
3,27,fusion,0.3901728907003807,0.0986406842718729
3,27,track_to_track_ci,0.3742360731970244,0.1144498794104312
3,28,fusion,0.3361611885761126,0.1593793270466958
3,28,track_to_track_ci,0.4054782950305775,0.0850089851056892
3,29,fusion,0.3536206626653265,0.1374821242249852
3,29,track_to_track_ci,0.4221810590769443,0.071769204588235
3,3,fusion,0.3849918483662699,0.1035952798593213
3,3,track_to_track_ci,0.3787901986755026,0.1097590295165995
3,4,fusion,0.415392719498617,0.076950831045618
3,4,track_to_track_ci,0.4481248246690645,0.0543314324119522
3,5,fusion,0.3630814207798252,0.1265411924332347
3,5,track_to_track_ci,0.4194077566984563,0.0738537587320694
3,6,fusion,0.3445564897617672,0.1485699857659985
3,6,track_to_track_ci,0.3896429876507457,0.0991393834056061
3,7,fusion,0.2826408026162519,0.2410117039516328
3,7,track_to_track_ci,0.4074264135392548,0.0833787381311109
3,8,fusion,0.4844629629169325,0.0355485680640932
3,8,track_to_track_ci,0.425867562508902,0.0690663906900894
3,9,fusion,0.3247619965656287,0.1749036566903839
3,9,track_to_track_ci,0.3967878386207045,0.0925674471360521
