scenario_id,sensor_mode,repetition,covariance_stabilized,t_conv_s,empirically_diverged,t_empirical_divergence_s,mean_nees_steady,rmse_full_m,median_error_full_m,p95_error_full_m,rmse_full_xy_m,rmse_steady_m,median_error_steady_m,p95_error_steady_m,rmse_steady_xy_m,n_grid_points,n_valid_points_steady
1,fusion,0,True,1.5333333333333332,False,,43.37401622459755,0.1934582111814204,0.1482839677935532,0.3113804633251372,0.1771377142208655,0.1880320460974791,0.1469663083854439,0.3074104902638227,0.1711301832006579,401,370
1,rf_only,0,False,,True,1.0,314711440488522.7,387092955.54800034,334452303.6196148,637461407.8807778,387092955.5480002,387092955.54800034,334452303.6196148,637461407.8807778,387092955.5480002,401,381
1,camera_only,0,True,1.2666666666666666,False,,3.1464452712633864,0.0850788023092684,0.0545908484841489,0.1386201936259062,0.0760567520193945,0.0692439418781379,0.0540618037382228,0.1165804698827217,0.059439988772628,401,375
1,track_to_track_ci,0,True,2.2,False,,45.43396244841618,1.377263591459608,0.315106754948222,0.607690308815569,1.339488753089582,0.3283581741345096,0.3143408884920636,0.5252548978287824,0.3000461080217944,401,357
1,baseline_geometric,0,True,,False,,,1.621921966432394,0.0916759953167152,3.8415692900242697,1.5886807232737314,1.621921966432394,0.0916759953167152,3.8415692900242697,1.5886807232737314,401,401
1,fusion,1,True,1.4,False,,42.434917925188216,0.1936135215656212,0.1421941658327184,0.3225830604870486,0.1771030436566919,0.1884423584042787,0.1421941658327184,0.319199211983448,0.1721758560954046,401,373
1,rf_only,1,False,,True,1.0,189867844321223.56,305152132.76387244,262282665.57930997,504773462.9414778,305152132.7638724,305152132.76387244,262282665.57930997,504773462.9414778,305152132.7638724,401,381
1,camera_only,1,True,1.2666666666666666,False,,2.927846207815701,0.0807276273863851,0.0499733641209295,0.1225792048278667,0.0720872842222114,0.064937564445856,0.049748652441812,0.1180059946729602,0.0559141249951411,401,375
1,track_to_track_ci,1,True,2.2,False,,46.39915110982029,0.5088265414009042,0.3057540141670999,0.6177082033584818,0.4823575174861126,0.3502619944922403,0.301704587943792,0.5720246246181341,0.3212647079130113,401,357
1,baseline_geometric,1,True,,False,,,1.6324427591236113,0.0925416711049841,2.872481402957656,1.6000826303058042,1.6324427591236113,0.0925416711049841,2.872481402957656,1.6000826303058042,401,401
1,fusion,10,True,1.5,False,,43.29081926484305,0.2870509285009971,0.1447513787579753,0.3372520016723649,0.2723876157670294,0.1843137405966772,0.1429899847373398,0.3257389311695446,0.167765994779042,401,371
1,rf_only,10,False,,True,1.0,94246000853500.16,217783020.3360552,186062410.8441679,362033617.61814696,217783020.3360551,217783020.3360552,186062410.8441679,362033617.61814696,217783020.3360551,401,381
1,camera_only,10,True,1.2666666666666666,False,,2.774093012252396,0.1309400983835128,0.0488658880801519,0.133068802171706,0.1230168861887244,0.0649486126170447,0.048480051149199,0.1243682032444644,0.0569158105374919,401,375
1,track_to_track_ci,10,True,2.3000000000000003,False,,41.135356865359455,2.588400435113999,0.2454592965365894,0.4900605590632304,2.521530862158522,0.2669936809390907,0.2392564899266211,0.4177920680260705,0.230280991455835,401,355
1,baseline_geometric,10,True,,False,,,2.036492663515108,0.0894159672830298,3.1447085602060403,1.997223017992722,2.036492663515108,0.0894159672830298,3.1447085602060403,1.997223017992722,401,401
1,fusion,11,True,1.4666666666666666,False,,44.329789298704014,0.4444820260323885,0.1530465369181129,0.3277311786882849,0.420256925719994,0.1962297225498015,0.1505290229797373,0.3245308543600781,0.1791239349068922,401,371
1,rf_only,11,False,,True,1.0,213505510249410.4,318266257.4991324,275138004.26266825,523862933.6867584,318266257.49913234,318266257.4991324,275138004.26266825,523862933.6867584,318266257.49913234,401,381
1,camera_only,11,True,1.2666666666666666,False,,3.21905942911594,0.1130308874984135,0.05404044791521,0.1787413328831042,0.1041012558395586,0.0868300435326597,0.0536854799844066,0.1712367357138053,0.0782787071161227,401,375
1,track_to_track_ci,11,True,2.3000000000000003,False,,39.15433715492519,2.975317468313695,0.2588235056313932,0.3937844608616728,2.900347639714957,0.2641754492700155,0.2522159524800501,0.3664828414819082,0.2284498594957169,401,355
1,baseline_geometric,11,True,,False,,,1.986542497658078,0.0976068629703701,3.831635941724447,1.947939271223581,1.986542497658078,0.0976068629703701,3.831635941724447,1.947939271223581,401,401
1,fusion,12,True,1.4333333333333331,False,,42.815203161162486,0.1989901991383406,0.1489059724582455,0.3240992774234618,0.1825354901465786,0.1885929465951779,0.1485353629845138,0.3154403350875329,0.1725047103981503,401,372
1,rf_only,12,False,,True,1.0,136688299671236.36,261336923.91928405,223698751.26753843,433768912.3517423,261336923.919284,261336923.91928405,223698751.26753843,433768912.3517423,261336923.919284,401,381
1,camera_only,12,True,1.2666666666666666,False,,2.7644350796819723,0.0825431631494173,0.0522217620489568,0.1082026307788422,0.0745232781042339,0.0609493987085558,0.051951643757824,0.1048219327100873,0.0514844205781462,401,375
1,track_to_track_ci,12,True,2.3000000000000003,False,,40.74980973306561,1.0243716118044113,0.2452052395197106,0.4139497935814683,0.9961331419604552,0.2675396555633104,0.2446332456756116,0.382907282855809,0.2304336602389085,401,355
1,baseline_geometric,12,True,,False,,,1.5998426389858371,0.0887526660353805,1.9988623923393825,1.567213365373064,1.5998426389858371,0.0887526660353805,1.9988623923393825,1.567213365373064,401,401
1,fusion,13,True,3.1,False,,45.29945391811542,0.9089967232404628,0.1656500606863593,2.84405968857727,0.7753267530498414,0.1941739051930054,0.1541765804679251,0.3282464692612716,0.1787741575202774,401,339
1,rf_only,13,False,,True,1.0,32255141265323.727,128700272.5055258,107673243.92583808,217283610.78741607,128700272.50552563,128700272.5055258,107673243.92583808,217283610.78741607,128700272.50552563,401,381
1,camera_only,13,True,1.2666666666666666,False,,3.15855538772825,0.1924263994649831,0.0501797926233746,0.2181742302094792,0.1844237560576497,0.0893762670164951,0.049676971190463,0.189340200368141,0.0833466131804927,401,375
1,track_to_track_ci,13,True,2.3000000000000003,False,,41.33405414823576,2.549910910276843,0.2676547301542382,0.5138115591114002,2.485859452709738,0.2685382957695666,0.2597322200200542,0.3664012762366407,0.2335200135607629,401,355
1,baseline_geometric,13,True,,False,,,1.8862088514133224,0.0929405183510605,3.821192145542948,1.8479832678312775,1.8862088514133224,0.0929405183510605,3.821192145542948,1.8479832678312775,401,401
1,fusion,14,True,4.766666666666667,False,,45.88950463088021,2.492201853915477,0.1802344663142329,7.28321445709352,2.413578511721373,0.2397708989336777,0.1350866218731561,0.3707983042408967,0.2194141724685289,401,305
1,rf_only,14,False,,True,1.0,117016468308607.9,242064263.3935765,207087218.8590797,401960023.78054845,242064263.3935764,242064263.3935765,207087218.8590797,401960023.78054845,242064263.3935764,401,381
1,camera_only,14,True,8.5,False,,2.695548813971465,14.294179596285275,0.0758767468170019,31.32564091161155,13.49707382238531,0.0649326067605603,0.045866012096279,0.1241822180195017,0.0547478889745122,401,231
1,track_to_track_ci,14,True,2.3000000000000003,False,,43.15445353554586,4.684061880533091,0.2577712398207438,0.4163948703308127,4.571698062395333,0.2781223301419245,0.2530451932941237,0.3947293511771823,0.2388931775920278,401,355
1,baseline_geometric,14,True,,False,,,1.802562427784132,0.0938169636567734,4.275227957331217,1.7667628148224663,1.802562427784132,0.0938169636567734,4.275227957331217,1.7667628148224663,401,401
1,fusion,15,True,1.4,False,,43.23696762299405,0.186946119296259,0.1454010819729109,0.3136679527305836,0.1692089544305391,0.1847862172660806,0.1449227367430749,0.3129920715399905,0.1672959096687779,401,373
1,rf_only,15,False,,True,1.0,127613836357933.86,252033299.02963248,215934497.6465004,418011847.297428,252033299.0296324,252033299.02963248,215934497.6465004,418011847.297428,252033299.0296324,401,381
1,camera_only,15,True,1.2666666666666666,False,,2.7635960562479145,0.0647893155978616,0.049276561410217,0.1096227994885506,0.0512745826901727,0.0597433478277794,0.0492459883489268,0.1035839379229024,0.0466618702727462,401,375
1,track_to_track_ci,15,True,2.3000000000000003,False,,41.8521417174608,0.9845705288038348,0.2574357856342811,0.4421755849707252,0.9515493298215096,0.2715866805587841,0.2533588688164724,0.3859248681638334,0.2333169543579456,401,355
1,baseline_geometric,15,True,,False,,,2.2942687699890087,0.0951755962870118,4.293638807196926,2.250263250842489,2.2942687699890087,0.0951755962870118,4.293638807196926,2.250263250842489,401,401
1,fusion,16,True,1.5,False,,41.900649040658905,0.1879843578250673,0.1424254274806149,0.3140592306021299,0.1689780766455259,0.1851751846713251,0.1422902348175103,0.3131507054607918,0.1662963260409923,401,371
1,rf_only,16,False,,True,1.0,348155688052433.94,410810251.1209828,353875548.7163721,678284851.1582575,410810251.1209828,410810251.1209828,353875548.7163721,678284851.1582575,410810251.1209828,401,381
1,camera_only,16,True,1.2666666666666666,False,,3.01084070352022,0.0726848804187925,0.0492225318410564,0.1348545645837349,0.0618452780969865,0.0648433426384982,0.0489565041965535,0.1291195184764521,0.0534713819160541,401,375
1,track_to_track_ci,16,True,2.3000000000000003,False,,38.5514008723648,1.3657686577648578,0.2457668368977617,0.4228419494978149,1.326621189395108,0.2620148229763674,0.2401654868818371,0.3876212198798098,0.2258758643494038,401,355
1,baseline_geometric,16,True,,False,,,1.461473510917311,0.0970088739048627,3.969015338828287,1.4300568008408543,1.461473510917311,0.0970088739048627,3.969015338828287,1.4300568008408543,401,401
1,fusion,17,True,1.5333333333333332,False,,42.70793129282592,0.3488728643488014,0.1505845886032228,0.3221452253855986,0.3336800311634657,0.1923332820916618,0.1476611409226541,0.316718061867388,0.1768615316062059,401,370
1,rf_only,17,False,,True,1.0,149557963288066.0,269544920.19222486,232097139.4290442,445192147.2491146,269544920.1922248,269544920.19222486,232097139.4290442,445192147.2491146,269544920.1922248,401,381
1,camera_only,17,True,1.2666666666666666,False,,2.8468292003007805,0.1408180982672057,0.0484089812622598,0.1295124647795152,0.1311773856848583,0.0643015258968465,0.0482084114541461,0.1260353637841804,0.0551579654230887,401,375
1,track_to_track_ci,17,True,2.3000000000000003,False,,39.242316635313344,2.733139027322976,0.2522858701206573,0.7053765144977866,2.6604492914637845,0.270651108872551,0.2471233089527375,0.3919467950273343,0.2371608554871377,401,355
1,baseline_geometric,17,True,,False,,,1.867921997419064,0.0929315396762405,4.026349670907792,1.8274405262076665,1.867921997419064,0.0929315396762405,4.026349670907792,1.8274405262076665,401,401
1,fusion,18,True,1.4666666666666666,False,,48.03724430776533,0.2033874624302915,0.1619670023783366,0.3288025951548841,0.1865494167869411,0.1992721143324498,0.1619670023783366,0.3245037925372429,0.1817920686396679,401,371
1,rf_only,18,False,,True,1.0,249524704323131.7,347400481.39890623,299371608.1731026,573396549.9095368,347400481.3989062,347400481.39890623,299371608.1731026,573396549.9095368,347400481.3989062,401,381
1,camera_only,18,True,1.2666666666666666,False,,3.49176262811518,0.0867150536619705,0.0569044990082234,0.1327033114619512,0.0791307635034305,0.0695246924638739,0.0566270937183528,0.1204929615427249,0.0602691904191938,401,375
1,track_to_track_ci,18,True,2.2,False,,47.4894450959365,2.3246126821096147,0.3223451601790692,0.5728240386012099,2.2649769292910302,0.3350700654804241,0.3189378599373716,0.5057290844888696,0.3051945668560152,401,357
1,baseline_geometric,18,True,,False,,,1.7626782482287588,0.0945932610590761,2.2651376412140043,1.726740920930127,1.7626782482287588,0.0945932610590761,2.2651376412140043,1.726740920930127,401,401
1,fusion,19,True,1.4,False,,40.283073465254695,0.1896982326922193,0.1310614764810814,0.3164637376132433,0.1722268489132691,0.1806711558879382,0.1305791195669373,0.3082956844870351,0.1627987878001157,401,373
1,rf_only,19,False,,True,1.0,103858011288954.72,230246714.99915403,195738692.05552843,384242732.3586242,230246714.99915397,230246714.99915403,195738692.05552843,384242732.3586242,230246714.99915397,401,381
1,camera_only,19,True,1.2666666666666666,False,,2.626282591375873,0.0846249870721452,0.0461380100357795,0.1124800082051207,0.0751147733482712,0.0592071319735161,0.0452668265562708,0.1081574140113117,0.0474328095186921,401,375
1,track_to_track_ci,19,True,2.8000000000000003,False,,39.44646567625677,0.4465031629909047,0.2322221881110391,0.3928391532897745,0.4198792816454728,0.2630981262906461,0.2340699256041463,0.3824494172136803,0.2271173771238204,401,345
1,baseline_geometric,19,True,,False,,,1.7025220369109,0.0972469106571079,3.277661877160165,1.6666861084195914,1.7025220369109,0.0972469106571079,3.277661877160165,1.6666861084195914,401,401
1,fusion,2,True,1.4,False,,42.91092748048799,0.1952359827242276,0.1484452791595187,0.3575647348056454,0.1749586178723741,0.1889785588641471,0.1483738678678683,0.3501693557312323,0.1706711223200154,401,373
1,rf_only,2,False,,True,1.0,400100359386739.5,437484528.7087132,377706263.70017743,720919907.7878786,437484528.7087132,437484528.7087132,377706263.70017743,720919907.7878786,437484528.7087132,401,381
1,camera_only,2,True,1.2666666666666666,False,,2.7280176285871884,0.0851919605243222,0.0485459727782638,0.156193512923916,0.073926941097745,0.0724574319583535,0.0484370198245611,0.1470981533857389,0.0642584742355779,401,375
1,track_to_track_ci,2,True,2.3000000000000003,False,,38.45539626332847,0.6327673695575253,0.2298882391159767,0.4431811336063324,0.605892406364618,0.2627590859703468,0.2228706048410346,0.4177933002189868,0.2271255816304672,401,355
1,baseline_geometric,2,True,,False,,,1.8153090157574547,0.0902547961518249,4.089705712353632,1.778891588804868,1.8153090157574547,0.0902547961518249,4.089705712353632,1.778891588804868,401,401
1,fusion,20,True,1.5,False,,48.17716044722727,0.459362044984472,0.1579500085321039,0.329290859416433,0.4324781079723075,0.2052162179759937,0.1576783302505484,0.3278338677955114,0.1870351453528396,401,371
1,rf_only,20,False,,True,1.0,28571939826325.56,121039576.6745154,102677274.55380876,202327018.05046505,121039576.67451522,121039576.6745154,102677274.55380876,202327018.05046505,121039576.67451522,401,381
1,camera_only,20,True,1.2666666666666666,False,,3.2794454515835625,0.1245389372201952,0.0574353236079563,0.1763481733333428,0.1165748903345235,0.0825244190035932,0.056699020838229,0.1435080908826962,0.0737062678228529,401,375
1,track_to_track_ci,20,True,2.3000000000000003,False,,43.256524717601366,1.7128157654543092,0.2790508632892348,0.4187194472557904,1.6685267900016818,0.2855543110566684,0.2754976429541382,0.3984980944243586,0.2501623624643909,401,355
1,baseline_geometric,20,True,,False,,,2.013535187785553,0.0884854021619902,4.109676429411228,1.9770685784491344,2.013535187785553,0.0884854021619902,4.109676429411228,1.9770685784491344,401,401
1,fusion,21,True,1.4333333333333331,False,,39.97497713513062,0.1799640465223659,0.1319763923519429,0.3168955322608137,0.1645482259156734,0.1793276903348972,0.1317271587525387,0.315605832948142,0.1639622197788563,401,372
1,rf_only,21,False,,True,1.0,105626985683877.28,226271963.1602097,194914455.69823495,373592508.02916855,226271963.16020963,226271963.1602097,194914455.69823495,373592508.02916855,226271963.16020963,401,381
1,camera_only,21,True,1.2666666666666666,False,,2.625612737994808,0.0694434242160756,0.0509543879426187,0.1203627614771831,0.0601605303414526,0.0622894714899857,0.0503696303751801,0.1150415349673837,0.0526123723005918,401,375
1,track_to_track_ci,21,True,2.3000000000000003,False,,39.13947421677341,1.0084749180992705,0.2433299115349997,0.3801932069327522,0.9794677242432788,0.2594471496713798,0.2425042688443115,0.3681791704501104,0.2250226855051791,401,355
1,baseline_geometric,21,True,,False,,,1.4550163881915168,0.0969093276813189,3.5064295091967157,1.42483085746699,1.4550163881915168,0.0969093276813189,3.5064295091967157,1.42483085746699,401,401
1,fusion,22,True,1.4333333333333331,False,,41.851949518223215,0.2687392664720608,0.1561293061033929,0.3109223317155614,0.2515489546049522,0.1884635842332713,0.1559691662771096,0.3092045730408657,0.1717422941787307,401,372
1,rf_only,22,False,,True,1.0,1066102949604740.8,706070676.7937115,611706836.5732759,1159967270.892063,706070676.7937115,706070676.7937115,611706836.5732759,1159967270.892063,706070676.7937115,401,381
1,camera_only,22,True,1.2666666666666666,False,,2.976850971223155,0.0734812963778129,0.0521674743960123,0.111183029710106,0.0635742405233945,0.0637097884462747,0.0519142761450521,0.1096848916574816,0.0527892746281438,401,375
1,track_to_track_ci,22,True,2.3000000000000003,False,,44.02362816529781,0.9085523920611356,0.2988565699933821,0.7948128789896387,0.880240077165733,0.3409509822232031,0.2973585714956252,0.6354189131836192,0.3107538986843466,401,355
1,baseline_geometric,22,True,,False,,,1.7322404586791822,0.0974640444376979,3.0568323901504404,1.6978896327593562,1.7322404586791822,0.0974640444376979,3.0568323901504404,1.6978896327593562,401,401
1,fusion,23,True,1.4,False,,43.73447748174748,0.2005372475162419,0.1515694795774922,0.3206863828976209,0.1855442278999655,0.1950078667941136,0.1508617574558685,0.3167445437882782,0.1796970984292367,401,373
1,rf_only,23,False,,True,1.0,204235149106161.44,316742953.67081034,272157115.8933724,524088648.7372454,316742953.6708102,316742953.67081034,272157115.8933724,524088648.7372454,316742953.6708102,401,381
1,camera_only,23,True,1.2666666666666666,False,,2.8888031315877445,0.1013214809243231,0.0500365537674799,0.1864597519005114,0.0945387710049477,0.0870515675423019,0.0499485190231035,0.1686392464025664,0.0799024687893808,401,375
1,track_to_track_ci,23,True,2.3000000000000003,False,,40.440835975310016,1.5543427190247046,0.256204993340785,0.4056596575247213,1.511226975347892,0.2699534295180571,0.2547259672899549,0.3783745710680088,0.2351308101647327,401,355
1,baseline_geometric,23,True,,False,,,1.8091603799855585,0.0898041274391361,3.943569033320164,1.7745381647784435,1.8091603799855585,0.0898041274391361,3.943569033320164,1.7745381647784435,401,401
1,fusion,24,True,1.4333333333333331,False,,43.49784820500047,0.2360112183089653,0.1383751962237189,0.3272080418695477,0.2178262284753007,0.191345241407962,0.1380444346696778,0.3205894709712131,0.1726552237462884,401,372
1,rf_only,24,False,,True,1.0,51152613269844.01,158652300.4540034,136272445.15626824,262585288.44067317,158652300.45400327,158652300.4540034,136272445.15626824,262585288.44067317,158652300.45400327,401,381
1,camera_only,24,True,1.2666666666666666,False,,3.16122295725736,0.0890557617141728,0.0509187222143847,0.1217185000662503,0.0806403198538925,0.0648416807103381,0.0503765108780809,0.1158676333120192,0.0555873364074541,401,375
1,track_to_track_ci,24,True,2.3000000000000003,False,,41.012545400729934,1.2528514608122212,0.2477179670949132,0.4286370280245144,1.2153225104205363,0.2727806274152461,0.2442701212052765,0.4089690798779816,0.2324562746628615,401,355
1,baseline_geometric,24,True,,False,,,1.8450163036177551,0.091420611376588,3.8978003972210704,1.806550082093691,1.8450163036177551,0.091420611376588,3.8978003972210704,1.806550082093691,401,401
1,fusion,25,True,1.4,False,,42.44312507266674,0.193223309845806,0.1475259785376111,0.3215641949744297,0.1774624402077669,0.1895299272590532,0.1468425146193624,0.3209104713044488,0.1735531439285021,401,373
1,rf_only,25,False,,True,1.0,1093098476420940.6,709677192.3529423,616097280.55029,1163730013.5059988,709677192.3529422,709677192.3529423,616097280.55029,1163730013.5059988,709677192.3529422,401,381
1,camera_only,25,True,1.2666666666666666,False,,2.765631812886764,0.0734579609112499,0.0509233175029097,0.1087765969169191,0.0648700316684144,0.0611379805392856,0.0506675673701835,0.1028298209293639,0.0510668117932637,401,375
1,track_to_track_ci,25,True,2.3000000000000003,False,,40.81359550755798,1.1854133354244951,0.2589061649769599,0.4199013556837474,1.1551784059308627,0.2722253099079563,0.2493243259950693,0.389223220011589,0.2364115152953685,401,355
1,baseline_geometric,25,True,,False,,,1.9239330770917709,0.0937504884441168,4.320623690633496,1.8838103146232856,1.9239330770917709,0.0937504884441168,4.320623690633496,1.8838103146232856,401,401
1,fusion,26,True,1.4333333333333331,False,,43.15887636661542,0.5967428823915603,0.1483708840047885,0.3020921288711979,0.5807743917814112,0.1849920348201599,0.1490221476504828,0.2956269132506415,0.1690303399736819,401,372
1,rf_only,26,False,,True,1.0,423178396903461.4,445343076.85935307,385701209.83160686,731840546.9352787,445343076.859353,445343076.85935307,385701209.83160686,731840546.9352787,445343076.859353,401,381
1,camera_only,26,True,1.2666666666666666,False,,2.6947926466815653,0.1569832920311736,0.0474926548768165,0.120900681745422,0.1478572555798402,0.0604139170686131,0.0472601418098134,0.111039665457499,0.0522143805072689,401,375
1,track_to_track_ci,26,True,2.3000000000000003,False,,40.06233980125682,4.38307208688389,0.2458680720790353,0.4032718256031745,4.272495625516329,0.2623933266866861,0.2432129733539581,0.3796019769518643,0.2267761419366287,401,355
1,baseline_geometric,26,True,,False,,,1.8778362603030876,0.0890861550042014,4.341923769572263,1.8377689959282597,1.8778362603030876,0.0890861550042014,4.341923769572263,1.8377689959282597,401,401
1,fusion,27,True,1.4,False,,44.48085476800431,0.2053578713324919,0.161712116235015,0.3326478351625729,0.1882135543057267,0.1937068327790046,0.1617121049733016,0.330641483766866,0.1761119677304782,401,373
1,rf_only,27,False,,True,1.0,181503899743090.16,301465286.94466454,257909050.96750972,500592244.44466347,301465286.9446645,301465286.94466454,257909050.96750972,500592244.44466347,301465286.9446645,401,381
1,camera_only,27,True,1.2666666666666666,False,,2.998888586704348,0.0797541719948587,0.0537684602832345,0.1367078704214588,0.0698195533059035,0.0703559607880852,0.0531090791601581,0.133245103655136,0.0595163787430636,401,375
1,track_to_track_ci,27,True,3.4000000000000004,False,,39.4939581483546,1.022054956868761,0.2626094305100283,2.3758025225083426,0.915499923942775,0.2665361138649076,0.256160049728536,0.3787853627005687,0.2317021886251717,401,333
1,baseline_geometric,27,True,,False,,,1.5364473793578113,0.0900785066849102,2.7856349144574404,1.5029689650044769,1.5364473793578113,0.0900785066849102,2.7856349144574404,1.5029689650044769,401,401
1,fusion,28,True,1.4,False,,42.72248974629102,0.2028453740245362,0.1504480542499229,0.3169537159961672,0.1848021279939566,0.1902703533308654,0.1490819009747561,0.310529831455306,0.1724711911631904,401,373
1,rf_only,28,False,,True,1.0,308986612878799.0,384610169.3152058,332013537.78378046,633861195.7811397,384610169.3152058,384610169.3152058,332013537.78378046,633861195.7811397,384610169.3152058,401,381
1,camera_only,28,True,1.2666666666666666,False,,2.9115873507911174,0.0912958012288917,0.0533787356935333,0.1441998457187299,0.0811262523971271,0.0709832064903304,0.0532186479075888,0.1298591417809528,0.0603891709273238,401,375
1,track_to_track_ci,28,True,2.1,False,,45.48512023607596,1.1258246675535863,0.3221634304944819,0.4422563616296227,1.090623928528919,0.3141527242273598,0.3128949100229892,0.4129973177755348,0.2772262821189846,401,359
1,baseline_geometric,28,True,,False,,,2.183788860693958,0.0965186348140303,4.156138157505127,2.139946959346622,2.183788860693958,0.0965186348140303,4.156138157505127,2.139946959346622,401,401
1,fusion,29,True,1.5,False,,43.693422757545086,0.2060947615343014,0.1566325359947017,0.3199788579431474,0.189361285886184,0.1920015173798863,0.1546654934680588,0.3142058387255833,0.1756168001669595,401,371
1,rf_only,29,False,,True,1.0,71272195778135.5,187797429.5809729,161114732.0002026,311130249.981748,187797429.58097285,187797429.5809729,161114732.0002026,311130249.981748,187797429.58097285,401,381
1,camera_only,29,True,1.2666666666666666,False,,3.0289888096576707,0.0956665986265636,0.0533398321904465,0.1617857608209535,0.0877274112097702,0.0761778585390999,0.0526788826990425,0.1448491878747215,0.0676428257761542,401,375
1,track_to_track_ci,29,True,2.3000000000000003,False,,39.79864542171488,1.034919224026536,0.2507397752627434,0.6956750346556966,0.9952486367261733,0.2669983708999346,0.2451918708563588,0.3875130733638908,0.230904282766011,401,355
1,baseline_geometric,29,True,,False,,,2.067184463466327,0.0970976671753147,4.038746998701914,2.027023010326738,2.067184463466327,0.0970976671753147,4.038746998701914,2.027023010326738,401,401
1,fusion,3,True,1.4666666666666666,False,,42.210496643286746,0.1936852553383185,0.148793177143568,0.30036961867446,0.178072480942469,0.1824671865925079,0.1486354103209538,0.2964236433559015,0.1661653830834373,401,371
1,rf_only,3,False,,True,1.0,135596287320080.1,256050043.54808533,220663563.6251855,422598154.09399927,256050043.54808527,256050043.54808533,220663563.6251855,422598154.09399927,256050043.54808527,401,381
1,camera_only,3,True,1.2666666666666666,False,,3.035544668045332,0.0829471198973222,0.0520460967364479,0.1027620033523014,0.0757660209450714,0.0590494672377301,0.0513721629405721,0.0942759389069629,0.0499286687694785,401,375
1,track_to_track_ci,3,True,2.3000000000000003,False,,38.87495136416618,1.7827053185085715,0.2484664900471665,0.4413536963755084,1.73372368036505,0.2583336226707569,0.2448147338819302,0.348666479258692,0.2217004497800836,401,355
1,baseline_geometric,3,True,,False,,,1.6821058466053982,0.09418513177058,3.4911934924445864,1.649648763073232,1.6821058466053982,0.09418513177058,3.4911934924445864,1.649648763073232,401,401
1,fusion,4,True,1.4333333333333331,False,,41.83247351312549,0.1905037264307242,0.1585235258527637,0.3148858829117665,0.1759720367183911,0.1885299852833786,0.1580732722747585,0.3142365879360943,0.1744837331445331,401,372
1,rf_only,4,False,,True,1.0,78966061112166.88,199649157.60651785,170419079.8163902,332122481.4662107,199649157.60651773,199649157.60651785,170419079.8163902,332122481.4662107,199649157.60651773,401,381
1,camera_only,4,True,1.2666666666666666,False,,2.6886690151948693,0.0935573809240962,0.0480382717821975,0.1942201654376009,0.0862919864350501,0.0866542168256954,0.0470656111514401,0.1673905227881184,0.0795139345498479,401,375
1,track_to_track_ci,4,True,2.3000000000000003,False,,40.15950803250649,0.8883553256452537,0.265866004833309,0.3917593909068467,0.8543551560665024,0.2707352002565778,0.2639929074268361,0.3776234702133464,0.2358274875488676,401,355
1,baseline_geometric,4,True,,False,,,2.0210565496203685,0.0918695712369451,4.941629811770875,1.980731123728437,2.0210565496203685,0.0918695712369451,4.941629811770875,1.980731123728437,401,401
1,fusion,5,True,4.433333333333334,False,,44.7666345730829,1.7830691196368276,0.1681642264051277,4.836385185107696,1.7207870726944006,0.1902770955719391,0.1507404544227067,0.3342197750231714,0.1706500552990334,401,312
1,rf_only,5,False,,True,1.0,4504903905021.423,43923778.154539615,35354483.68325096,75878538.82216881,43923778.15453912,43923778.154539615,35354483.68325096,75878538.82216881,43923778.15453912,401,381
1,camera_only,5,True,1.9333333333333331,False,,2.679404562284035,0.690698061059581,0.0486986785169946,0.1639387881354053,0.6701038676497477,0.0648994388773159,0.0459961364310586,0.124467062919768,0.0544384584440707,401,362
1,track_to_track_ci,5,True,2.3000000000000003,False,,43.33570254926069,4.377502467275614,0.2717798072743309,0.4104597755458453,4.268354218574793,0.2845931677488889,0.2649375732682181,0.3887075796054309,0.2422211075593925,401,355
1,baseline_geometric,5,True,,False,,,1.8330624012243808,0.0929018761367108,3.8351626199043047,1.7962457337432047,1.8330624012243808,0.0929018761367108,3.8351626199043047,1.7962457337432047,401,401
1,fusion,6,True,1.4333333333333331,False,,45.29935214855684,0.2427817812681824,0.1514342376036714,0.3259865351337743,0.2259053543722617,0.1950040353130367,0.1469989862495153,0.3209096086331213,0.1772274682795321,401,372
1,rf_only,6,False,,True,1.0,335735632079525.6,400861843.1085632,346057078.7581927,660621171.8622098,400861843.1085632,400861843.1085632,346057078.7581927,660621171.8622098,400861843.1085632,401,381
1,camera_only,6,True,1.2666666666666666,False,,3.088212264492712,0.0919780437894407,0.0538417094000146,0.1331253464021451,0.0842277534345108,0.0732977723763274,0.0526334278980728,0.1268838076217122,0.0643882944835159,401,375
1,track_to_track_ci,6,True,2.3000000000000003,False,,42.08019286066038,0.5153606657406001,0.2632026785384946,0.4112535773904302,0.489932395953809,0.2729106715209206,0.2535962326604361,0.3866190981927047,0.2368326835611731,401,355
1,baseline_geometric,6,True,,False,,,1.4340762364583344,0.0924528103236053,3.360767732013205,1.4022081563356754,1.4340762364583344,0.0924528103236053,3.360767732013205,1.4022081563356754,401,401
1,fusion,7,True,1.4,False,,43.16601096147679,0.1946410581226949,0.1390037729325353,0.3353636508687982,0.1785732141124319,0.1921120749550799,0.1386234790584236,0.3342329254849863,0.1760718253013128,401,373
1,rf_only,7,False,,True,1.0,89871816581770.0,212112232.92967495,181474597.94694537,352205117.59019595,212112232.9296749,212112232.92967495,181474597.94694537,352205117.59019595,212112232.9296749,401,381
1,camera_only,7,True,1.2666666666666666,False,,2.437727794153361,0.078046207502727,0.0467165709349326,0.1528439426927002,0.0716923015697576,0.0722047210139749,0.0464077506883881,0.135716710468655,0.0659194627989507,401,375
1,track_to_track_ci,7,True,2.25,False,,45.48241485742928,3.129964402949506,0.3294853021794051,0.532694415767232,3.051560114284832,0.3271966784496998,0.3210091571162636,0.4912851661482506,0.2966711904014228,401,356
1,baseline_geometric,7,True,,False,,,1.8555356880394247,0.089182992357,3.3440980012815342,1.819278107193624,1.8555356880394247,0.089182992357,3.3440980012815342,1.819278107193624,401,401
1,fusion,8,True,1.4666666666666666,False,,44.53563193258541,0.1971609580259303,0.1584453078736603,0.3340607783937095,0.1799227876764855,0.1951825253652024,0.1589569960028582,0.3320555312056116,0.1780310213821261,401,371
1,rf_only,8,False,,True,1.0,137712233314080.72,262098884.4003468,224441823.240142,434890434.9018192,262098884.40034664,262098884.4003468,224441823.240142,434890434.9018192,262098884.40034664,401,381
1,camera_only,8,True,1.2666666666666666,False,,2.848986533805263,0.0720567905791198,0.05051213853407,0.123941426632824,0.0615766327787081,0.0644370031049388,0.0499938767140498,0.1173007882240308,0.0545690359187282,401,375
1,track_to_track_ci,8,True,2.4000000000000004,False,,39.86226167505859,1.197863169161803,0.2507319646342014,0.4158590708109002,1.164008082225162,0.2687320601908105,0.2499313278373214,0.3819325204603739,0.2343194464189959,401,353
1,baseline_geometric,8,True,,False,,,1.7302742857780748,0.0934700037789964,3.802924672456727,1.6941454574260892,1.7302742857780748,0.0934700037789964,3.802924672456727,1.6941454574260892,401,401
1,fusion,9,True,1.6666666666666667,False,,42.405901584330415,0.4423668045180587,0.1495090187000265,0.3492994852455967,0.4184720310578754,0.1875933949068033,0.1468996499302344,0.3343558871616371,0.1733667624900093,401,367
1,rf_only,9,False,,True,1.0,326572685027299.06,392764965.7051146,339768086.1780496,646106896.2219446,392764965.7051145,392764965.7051146,339768086.1780496,646106896.2219446,392764965.7051145,401,381
1,camera_only,9,True,1.2666666666666666,False,,2.7417843541827294,0.1100706901101738,0.0491458061620469,0.1746342755859212,0.1036068868192382,0.079935612912459,0.0485304442254872,0.1424374627027025,0.0730360393216288,401,375
1,track_to_track_ci,9,True,2.3000000000000003,False,,39.77030128374971,2.5880579215489194,0.2417094714968814,0.4266674838862197,2.5263046688068678,0.267090645863627,0.2402280940099254,0.3925870698582201,0.2326385110852284,401,355
1,baseline_geometric,9,True,,False,,,1.7585207582079334,0.0897889474474923,4.090514953147191,1.7218543705990133,1.7585207582079334,0.0897889474474923,4.090514953147191,1.7218543705990133,401,401
2,fusion,0,True,3.1,False,,52.83473969896775,1.1648828947325605,0.2412127908164925,1.4308877041255048,1.133322486667934,0.2732856021913357,0.1460992158252877,0.5263140148164619,0.2558229785258754,401,339
2,rf_only,0,False,,False,,105.03909805367712,6.86721122738706,6.163695694064474,10.263780690244571,1.95092842085496,6.86721122738706,6.163695694064474,10.263780690244571,1.95092842085496,401,381
2,camera_only,0,True,2.0666666666666664,False,,3.43613926355649,2.2774298521207657,0.0493054230541317,0.5346545497145514,2.2123340042258763,0.1350978057143441,0.0468033871276645,0.3692400821113363,0.1268407397930084,401,359
2,track_to_track_ci,0,True,3.2,False,,49.10565770653145,3.250477105791119,0.3063812805589124,6.443200828150827,3.143687799079838,0.3275707868589047,0.2923767822874085,0.4566191938978484,0.2900655154912291,401,337
2,baseline_geometric,0,True,,False,,,2.3931880793916465,0.0853817268982284,6.327906197962589,2.322969183039852,2.3931880793916465,0.0853817268982284,6.327906197962589,2.322969183039852,401,401
2,fusion,1,True,2.3,False,,50.42393134496223,0.4862927655589128,0.1416561306075412,0.5334499836884811,0.467282868548742,0.2514500232298226,0.1353199166032345,0.4451406116875051,0.2352731424746319,401,355
2,rf_only,1,False,,False,,108.6875353105656,6.876655192599031,6.261596213495827,10.230719025260772,1.9839150158943368,6.876655192599031,6.261596213495827,10.230719025260772,1.9839150158943368,401,381
2,camera_only,1,True,2.0666666666666664,False,,3.331407366144275,0.5871976756264321,0.0523916530871134,0.6597718964814938,0.5697667588467021,0.1465589117599913,0.0510730156603236,0.228605129497557,0.1404739461984386,401,359
2,track_to_track_ci,1,True,3.2,False,,45.53428136064149,1.0953762700147982,0.2930222975072413,2.5407068337582195,1.0560132379985934,0.2987924433555511,0.2811586881854278,0.4274379404182175,0.2612569625612379,401,337
2,baseline_geometric,1,True,,False,,,2.6425173767545407,0.0883980826594536,6.119279293601946,2.5683065954159057,2.6425173767545407,0.0883980826594536,6.119279293601946,2.5683065954159057,401,401
2,fusion,10,True,2.333333333333333,False,,47.80533639650838,0.3054349658658762,0.21364045316827,0.4827442803062688,0.2885473424568515,0.2599842704785943,0.2111811803189761,0.4259041370444858,0.2433685480251051,401,354
2,rf_only,10,False,,False,,118.42903633016336,6.909614436441776,6.235959748051781,10.318169957111902,2.0953051628623327,6.909614436441776,6.235959748051781,10.318169957111902,2.0953051628623327,401,381
2,camera_only,10,True,2.0666666666666664,False,,2.9670953444832397,1.1115836697082695,0.0466228234959262,1.129903915089306,1.0778655532355033,0.0801883461639559,0.0447572515079966,0.167827098604156,0.0720269417606128,401,359
2,track_to_track_ci,10,True,3.25,False,,45.67123257172385,1.583046938282218,0.2935101936009574,4.483973130230031,1.527748340967629,0.2957377140966952,0.2648267746341683,0.4056310885087515,0.2606176741130729,401,336
2,baseline_geometric,10,True,,False,,,2.4112683563625885,0.0848658475516477,5.907088090595371,2.344138562321647,2.4112683563625885,0.0848658475516477,5.907088090595371,2.344138562321647,401,401
2,fusion,11,True,2.1666666666666665,False,,45.74091617321,0.3407527177401745,0.1501846130981917,0.5082071985002202,0.3242947247429528,0.2564227791584998,0.1489816431721267,0.4768132340701628,0.2391520520108868,401,357
2,rf_only,11,False,,False,,106.7719342441282,6.869876652647732,6.150703285732517,10.317426383355109,1.9602899827456295,6.869876652647732,6.150703285732517,10.317426383355109,1.9602899827456295,401,381
2,camera_only,11,True,2.1,False,,2.8131796450319277,0.7378772285562007,0.0458647424663861,0.9156446723642512,0.7144977124904359,0.1908428700823952,0.0434988472150269,0.5084129524084301,0.184882501814154,401,359
2,track_to_track_ci,11,True,3.2,False,,43.19954021405013,1.4143343826025134,0.2926902792200253,4.199583558164677,1.3599505698736072,0.2968869596010974,0.2778219052472571,0.4281079869128515,0.2589997320653811,401,337
2,baseline_geometric,11,True,,False,,,2.2491308475703837,0.0819230605169213,5.427731164484283,2.182484527208022,2.2491308475703837,0.0819230605169213,5.427731164484283,2.182484527208022,401,401
2,fusion,12,True,2.1666666666666665,False,,47.34532920895572,0.3710124198422662,0.1587904557021299,0.6226358560035147,0.3535853410626764,0.2678565761523141,0.1320832200346689,0.5220543277338681,0.2524572351608378,401,357
2,rf_only,12,False,,False,,95.610297906206,6.845019924515221,6.154142407719319,10.236532425994463,1.8713175504241653,6.845019924515221,6.154142407719319,10.236532425994463,1.8713175504241653,401,381
2,camera_only,12,True,2.0666666666666664,False,,2.714480034328053,1.0644589713590586,0.04048764083436,2.219865036222132,1.032816180149882,0.13767745538729,0.0392720398584289,0.3253894245461045,0.1318724091764017,401,359
2,track_to_track_ci,12,True,3.2,False,,44.17551423243905,1.3099446609084389,0.2907888555073775,3.374568172603596,1.2641338407018228,0.2973930368134383,0.2639314144941798,0.4471275263167218,0.26380065632485,401,337
2,baseline_geometric,12,True,,False,,,2.434900322912168,0.0761696197116842,6.196568519285464,2.3665325706413407,2.434900322912168,0.0761696197116842,6.196568519285464,2.3665325706413407,401,401
2,fusion,13,True,2.2333333333333334,False,,48.51144134414,0.4484976658389549,0.2335126851824416,0.5105322554815029,0.4313140538865393,0.2608097305959614,0.1844734350776695,0.4833379135124985,0.2450519652268318,401,356
2,rf_only,13,False,,False,,101.22166410167834,6.848126872437816,6.171202825693463,10.332777335459108,1.882650745347068,6.848126872437816,6.171202825693463,10.332777335459108,1.882650745347068,401,381
2,camera_only,13,True,2.0666666666666664,False,,2.6421677281819766,0.966619546799142,0.0436904771880198,0.883061677993694,0.9379021607593786,0.1621458739952689,0.0421338405365313,0.3888365953702003,0.1566352555637997,401,359
2,track_to_track_ci,13,True,3.2,False,,44.54909682661655,1.3606834162918628,0.3006864862771803,3.6599652947109713,1.3100494701805387,0.3083198487464635,0.2842121479987194,0.4381610693294392,0.2726587365567847,401,337
2,baseline_geometric,13,True,,False,,,2.690307225842428,0.0821467217088291,5.726857481940822,2.6190332504353595,2.690307225842428,0.0821467217088291,5.726857481940822,2.6190332504353595,401,401
2,fusion,14,True,2.1666666666666665,False,,47.37398748656506,0.389870800780291,0.1420016365366216,0.5723001863812641,0.3711216488141308,0.2559725724469739,0.1337398360961228,0.484870774670194,0.238687419691329,401,357
2,rf_only,14,False,,False,,103.52688033401736,6.8698399727114685,6.235698539877059,10.249099015905667,1.9601614539043184,6.8698399727114685,6.235698539877059,10.249099015905667,1.9601614539043184,401,381
2,camera_only,14,True,2.1,False,,3.140747320895376,1.04900033440582,0.0498945570735832,0.6729046947347955,1.0151296456269727,0.1563966562393589,0.0483972727826811,0.4430142035952529,0.1493030808470797,401,359
2,track_to_track_ci,14,True,3.1,False,,53.40088513399884,1.7348286816387812,0.3695800616078263,5.272853596038651,1.6743235321666523,0.4216969556238581,0.3482570875950428,0.7461927523960563,0.3901978403087818,401,339
2,baseline_geometric,14,True,,False,,,3.0642849431291337,0.0817336704698335,7.402944929920863,2.982757660645976,3.0642849431291337,0.0817336704698335,7.402944929920863,2.982757660645976,401,401
2,fusion,15,True,2.3,False,,47.76050217313529,0.447812821733238,0.1741649815221441,0.5584896105433941,0.427798975252825,0.2639545830801606,0.1417388228404625,0.4797121743246436,0.2455871436967996,401,355
2,rf_only,15,False,,False,,98.3819226331396,6.847420320623566,6.143959149219504,10.230929463880978,1.8800788921893468,6.847420320623566,6.143959149219504,10.230929463880978,1.8800788921893468,401,381
2,camera_only,15,True,2.0666666666666664,False,,2.7968634700005457,0.7588509444357543,0.0449228073972296,0.6139581132621502,0.7380983784692319,0.1182433833758446,0.0423783898759454,0.2466998219590353,0.1086987750871179,401,359
2,track_to_track_ci,15,True,3.25,False,,45.94708705106781,0.991317410425192,0.3001729002752339,2.576245619667936,0.9542410263529132,0.2970293438225976,0.2787340558918886,0.4235251651914176,0.2558217965551143,401,336
2,baseline_geometric,15,True,,False,,,2.219463275457851,0.0843530148404296,5.183771644426633,2.157928507178525,2.219463275457851,0.0843530148404296,5.183771644426633,2.157928507178525,401,401
2,fusion,16,True,2.2666666666666666,False,,47.30934461390272,0.4331659759602504,0.1800739287416852,0.5186653251536067,0.4163128608195887,0.2483947514211344,0.1609791571373616,0.431273402990256,0.2308469418633597,401,355
2,rf_only,16,False,,False,,107.22620521983296,6.865432635277073,6.182197676070613,10.29676000760896,1.9446586973491935,6.865432635277073,6.182197676070613,10.29676000760896,1.9446586973491935,401,381
2,camera_only,16,True,2.0666666666666664,False,,2.686384799074334,0.9269089889064738,0.0427568755295561,0.6556253989926761,0.898040896558052,0.1054435568797522,0.0400314721426709,0.2232998287560829,0.0993495536119738,401,359
2,track_to_track_ci,16,True,3.2,False,,45.08285313654972,1.1602180716531183,0.3049952628756288,2.805150317237972,1.1155298728775258,0.3027568760084101,0.2831823073231265,0.4033613384793163,0.2653933750170573,401,337
2,baseline_geometric,16,True,,False,,,2.4354463320146214,0.0794211433842717,5.253665535631405,2.370709522086801,2.4354463320146214,0.0794211433842717,5.253665535631405,2.370709522086801,401,401
2,fusion,17,True,2.2,False,,43.21130795242871,0.4047738740561107,0.1359985838225856,0.5593256444959949,0.3907630694297493,0.2365599191525522,0.1252441684056908,0.4326370243256933,0.220120240605548,401,357
2,rf_only,17,False,,False,,104.8547820328258,6.868144792638348,6.207667665539738,10.292562729938563,1.9542121195625044,6.868144792638348,6.207667665539738,10.292562729938563,1.9542121195625044,401,381
2,camera_only,17,True,10.233333333333333,False,,2.7684381752198366,9.200239515797415,0.3156537705003515,19.71319222132724,8.361582672068526,0.1197974506383618,0.0444847440793021,0.3135115216944234,0.1087198330230806,401,196
2,track_to_track_ci,17,True,3.3000000000000003,False,,44.47883854430377,7.327462805852548,0.3109308836857902,19.93788993374116,7.225347012374247,0.2942469734358239,0.2805520231144579,0.4256397382717057,0.2550721741524798,401,335
2,baseline_geometric,17,True,,False,,,2.6194819131205644,0.0851589324823329,6.29991099333579,2.551590193165801,2.6194819131205644,0.0851589324823329,6.29991099333579,2.551590193165801,401,401
2,fusion,18,True,4.0,False,,49.17615648768626,0.6133622029065283,0.1997651154799013,1.4130556472342846,0.5866099092961825,0.2521099308230979,0.1321996741899776,0.4480649071428084,0.232344621834528,401,321
2,rf_only,18,False,,False,,97.690681958928,6.849326376418808,6.18184464032446,10.25470352055176,1.887009275178997,6.849326376418808,6.18184464032446,10.25470352055176,1.887009275178997,401,381
2,camera_only,18,True,2.0666666666666664,False,,2.618625016032402,0.6035904046373433,0.0446684083627157,0.8623875892849026,0.5845394541073944,0.2052003915921857,0.0421546527095468,0.5894462318190894,0.1959063745176158,401,359
2,track_to_track_ci,18,True,3.2,False,,42.69769963971614,0.9516008460928423,0.2733717922600023,1.950614567009701,0.910475989799148,0.2812789113533451,0.2599735588765647,0.3914952606181646,0.2429033252079816,401,337
2,baseline_geometric,18,True,,False,,,2.380161298439281,0.0847099823371626,5.482413705860516,2.309850476940684,2.380161298439281,0.0847099823371626,5.482413705860516,2.309850476940684,401,401
2,fusion,19,True,2.3,False,,47.06003511516916,0.3050615305247724,0.1439089024593211,0.476507037131469,0.2882702354933516,0.2327528477901241,0.1358076662411016,0.4071517367518659,0.2167087526725527,401,355
2,rf_only,19,False,,False,,106.78101850432604,6.877330065347658,6.25692430592316,10.25885528163447,1.9862529957105983,6.877330065347658,6.25692430592316,10.25885528163447,1.9862529957105983,401,381
2,camera_only,19,True,2.2,False,,3.5809210122046404,0.8693162846537784,0.0526751476453905,1.59143979024063,0.8392898656970056,0.0917327773032138,0.048333848135686,0.2354497077051039,0.0840014926519936,401,357
2,track_to_track_ci,19,True,3.2,False,,43.66640604057069,2.313623707242959,0.2772820865876127,7.813904290837235,2.226297423062569,0.2835265872092934,0.2616841501539156,0.3821125333547067,0.2460587119753156,401,337
2,baseline_geometric,19,True,,False,,,2.54734986543812,0.0853633663952797,5.627162267652961,2.476993179214587,2.54734986543812,0.0853633663952797,5.627162267652961,2.476993179214587,401,401
2,fusion,2,True,2.4,False,,43.919373016001,0.4885728578127824,0.1691577339784313,0.7542889606155224,0.4730523284989528,0.2390502720537931,0.1458071461761199,0.4519178625872457,0.2234677307508827,401,353
2,rf_only,2,False,,False,,94.6513551300416,6.844115008304732,6.142951559897762,10.246165945516024,1.868004801031944,6.844115008304732,6.142951559897762,10.246165945516024,1.868004801031944,401,381
2,camera_only,2,True,2.1,False,,2.602069762657422,1.417432424496429,0.0416823423556561,3.130725326030425,1.376005114538846,0.1253669972575332,0.0390792746467997,0.2697164035562279,0.119432690976513,401,359
2,track_to_track_ci,2,True,3.2,False,,42.15366043012619,0.9868551949322264,0.280492416436179,2.0676165909363955,0.9533414742579276,0.2862350849893462,0.2662651434737684,0.4110293586913836,0.2494862122316701,401,337
2,baseline_geometric,2,True,,False,,,2.6154118486138334,0.0791977643676145,7.222968531926389,2.5384986887337355,2.6154118486138334,0.0791977643676145,7.222968531926389,2.5384986887337355,401,401
2,fusion,20,True,2.1666666666666665,False,,45.229708677709205,0.4576453947588662,0.1435358635797853,0.5941403212090266,0.438465755044402,0.2469439886122018,0.135770428923717,0.5480389020242257,0.2321640519767397,401,357
2,rf_only,20,False,,False,,108.51948847106392,6.891105457971908,6.252682229557866,10.331338170801883,2.033437053946815,6.891105457971908,6.252682229557866,10.331338170801883,2.033437053946815,401,381
2,camera_only,20,True,2.1666666666666665,False,,3.162282009461192,2.617553490563917,0.0475897861049996,6.618628693733172,2.533375917830714,0.1953380600093042,0.0443568869299215,0.4759111023730643,0.1856429816325328,401,357
2,track_to_track_ci,20,True,3.2,False,,42.71013382014869,3.2121215707489763,0.2719992401431433,8.924857266624816,3.1050733553054712,0.2767490851958731,0.2585519180423006,0.3968910802625014,0.2420163625096627,401,337
2,baseline_geometric,20,True,,False,,,2.978003482599353,0.0799788899633195,5.791385560609481,2.897574891174295,2.978003482599353,0.0799788899633195,5.791385560609481,2.897574891174295,401,401
2,fusion,21,True,2.2,False,,46.91374010265316,0.4856872821527463,0.1893095474073104,0.5617105167127837,0.4684189902659192,0.250542552648144,0.1625391240311352,0.4220711749766387,0.234827383109855,401,357
2,rf_only,21,False,,False,,101.91263431589329,6.866583695022649,6.1971378367545205,10.2821091201464,1.9487183644509365,6.866583695022649,6.1971378367545205,10.2821091201464,1.9487183644509365,401,381
2,camera_only,21,True,2.0666666666666664,False,,2.5405323963304447,1.57965676490653,0.0450394741970601,0.6773544128587045,1.534173074628529,0.169517469718291,0.0438054042114676,0.5084967745687731,0.1637271724494045,401,359
2,track_to_track_ci,21,True,3.2,False,,42.98152623288431,1.619381361943829,0.3083083470997438,3.923919240645551,1.5650715023643915,0.2954462815013985,0.2859628685363638,0.4388000603285239,0.2590268461154053,401,337
2,baseline_geometric,21,True,,False,,,2.847731832224313,0.0781872304622161,5.92867427747664,2.771110159835275,2.847731832224313,0.0781872304622161,5.92867427747664,2.771110159835275,401,401
2,fusion,22,True,2.1666666666666665,False,,50.6235919208452,0.3601365375088489,0.1930485549032422,0.5458860426219873,0.3423244150451782,0.2642717773128565,0.1630019770528392,0.4544598421449747,0.2469826923224249,401,357
2,rf_only,22,False,,False,,106.80606229078025,6.875664891447961,6.185521223944566,10.22878036730297,1.980479564276876,6.875664891447961,6.185521223944566,10.22878036730297,1.980479564276876,401,381
2,camera_only,22,True,2.0666666666666664,False,,3.2373130277346247,0.8639815780325927,0.048378325385018,0.8343138744077842,0.8379198490313767,0.1518989207592021,0.0462387562664491,0.3658123281635204,0.1445219269259919,401,359
2,track_to_track_ci,22,True,3.2,False,,47.61805846703319,1.2434287881563528,0.3035484501625992,3.609528727285754,1.1970948685039526,0.3116059051026156,0.2951633975945161,0.4144878376478217,0.2741176523324204,401,337
2,baseline_geometric,22,True,,False,,,2.2115125715244863,0.0784989666717484,5.190259414330652,2.145677007216514,2.2115125715244863,0.0784989666717484,5.190259414330652,2.145677007216514,401,401
2,fusion,23,True,2.1666666666666665,False,,46.17573344202334,0.3754696945692687,0.1795251714948582,0.5372613109085246,0.359428709471862,0.2516848715823351,0.1671095124051139,0.4434824621991068,0.235658101091986,401,357
2,rf_only,23,False,,False,,102.792638583385,6.857260054452762,6.144315961688553,10.279198239539468,1.915606186527525,6.857260054452762,6.144315961688553,10.279198239539468,1.915606186527525,401,381
2,camera_only,23,True,2.1,False,,2.46681679391687,1.274547239444512,0.0424251468521969,2.3958949811369687,1.2342283712204816,0.1455988259589021,0.0400586643511142,0.3976761509596926,0.139291585484948,401,359
2,track_to_track_ci,23,True,3.2,False,,42.9442055698559,1.6838395861291486,0.2867400138134092,5.220603759815381,1.6203053142050785,0.2861540148962415,0.2607523650708428,0.4156108397194428,0.2494010610741776,401,337
2,baseline_geometric,23,True,,False,,,2.457533487196758,0.0791981536831603,5.661600279485575,2.382507627080247,2.457533487196758,0.0791981536831603,5.661600279485575,2.382507627080247,401,401
2,fusion,24,True,2.1666666666666665,False,,45.76617416711673,0.3012481127010651,0.1604743664935623,0.505581635302287,0.2842928463556974,0.2407318289729313,0.1420369032204558,0.4349702875561538,0.2230946222660816,401,357
2,rf_only,24,False,,False,,96.1300765520746,6.8416890817713965,6.147745284346888,10.22533289575114,1.8590969893996765,6.8416890817713965,6.147745284346888,10.22533289575114,1.8590969893996765,401,381
2,camera_only,24,True,2.1,False,,2.897513204084444,0.7908419266863435,0.0453731179271013,0.9558983672012836,0.7663813185040943,0.1239811913285818,0.0438197011517196,0.3356122136260298,0.1162394462079566,401,359
2,track_to_track_ci,24,False,,False,,48.54479910694274,0.9386897076813452,0.3571666826619515,2.4372092179645914,0.9015754250040036,0.9386897076813452,0.3571666826619515,2.4372092179645914,0.9015754250040036,401,381
2,baseline_geometric,24,True,,False,,,2.5560211043719847,0.0855254754101891,5.508339974652792,2.4824842732176498,2.5560211043719847,0.0855254754101891,5.508339974652792,2.4824842732176498,401,401
2,fusion,25,True,2.1666666666666665,False,,43.70193282378509,0.324108761375825,0.1236558766925639,0.3865580206010151,0.3100808196129944,0.2152704652287682,0.1221322709678173,0.3543327638150182,0.2006942720954883,401,357
2,rf_only,25,False,,False,,116.97786724528888,6.901675974074088,6.243767937141349,10.3073985831408,2.06897642339172,6.901675974074088,6.243767937141349,10.3073985831408,2.06897642339172,401,381
2,camera_only,25,True,2.0666666666666664,False,,2.817253584104631,1.6600923118190876,0.0450102216731545,0.3736514160185742,1.6114832726474284,0.0677067263169048,0.0422071159633895,0.1545592720457056,0.0589573265490738,401,359
2,track_to_track_ci,25,True,3.2,False,,43.540909108074615,1.1356698335200035,0.2859363754623964,2.9491763702020424,1.0944527176396257,0.2907153409319314,0.2717493879568619,0.4234850647501999,0.2548710617511229,401,337
2,baseline_geometric,25,True,,False,,,1.964094252498944,0.0807627414563576,5.40085052480811,1.9066850533875803,1.964094252498944,0.0807627414563576,5.40085052480811,1.9066850533875803,401,401
2,fusion,26,True,2.1666666666666665,False,,44.87274881141989,0.478651179290944,0.1238748057320287,0.5759188588680079,0.462398832887671,0.2540243793016114,0.1201739538962548,0.4628055006627501,0.2424235657191696,401,357
2,rf_only,26,False,,False,,113.07736253154032,6.895126461988297,6.144208977855003,10.308290329064809,2.0470224915194,6.895126461988297,6.144208977855003,10.308290329064809,2.0470224915194,401,381
2,camera_only,26,True,2.0666666666666664,False,,3.0001237511893923,1.2477569756300615,0.0484839511944094,1.5828830870319766,1.2109302534235329,0.1371152961930146,0.0462506076183579,0.2601734586185118,0.1321544295615142,401,359
2,track_to_track_ci,26,True,3.2,False,,46.52142913453503,1.7445083583304106,0.2957862877449868,3.3198468002785373,1.6869580172087482,0.2929003505491425,0.2842851502033149,0.416147164719015,0.256194754218732,401,337
2,baseline_geometric,26,True,,False,,,2.6594004860760867,0.0841426003234783,6.435699700643622,2.582000978623626,2.6594004860760867,0.0841426003234783,6.435699700643622,2.582000978623626,401,401
2,fusion,27,True,2.2666666666666666,False,,46.65259018809843,0.5587218417963872,0.2000007106751496,0.8808572546954035,0.537469170286538,0.2563503462818357,0.1550356614871675,0.4755633996678016,0.2417544075396201,401,355
2,rf_only,27,False,,False,,108.70119003776186,6.883808523346085,6.203315096525101,10.312857841918513,2.008569482558611,6.883808523346085,6.203315096525101,10.312857841918513,2.008569482558611,401,381
2,camera_only,27,True,2.0666666666666664,False,,2.732205093985581,1.1889500904017274,0.0432403029771976,0.9674913026097608,1.151565972737778,0.2048283545192362,0.040864185712706,0.5038346560291328,0.1976916370994563,401,359
2,track_to_track_ci,27,True,3.2,False,,43.90232730628994,1.5473478134053666,0.2946552659758739,3.871797256039224,1.493258050328336,0.3003847517101616,0.2737630727926398,0.4192928793808442,0.2668020742903909,401,337
2,baseline_geometric,27,True,,False,,,2.208965623288468,0.0780220602951478,5.478945052682883,2.1413651379536844,2.208965623288468,0.0780220602951478,5.478945052682883,2.1413651379536844,401,401
2,fusion,28,True,2.433333333333333,False,,44.24578979054458,0.5250387824162804,0.1867177205571646,0.4437170680608621,0.5059075591814747,0.2313120073438604,0.1310492844023856,0.4158260363191082,0.2144851184594431,401,352
2,rf_only,28,False,,False,,102.0352144541699,6.862897146137661,6.211688192946082,10.26296884997609,1.9356883498813968,6.862897146137661,6.211688192946082,10.26296884997609,1.9356883498813968,401,381
2,camera_only,28,True,2.2333333333333334,False,,2.669443485232536,1.7245953516637338,0.0417047203381157,5.187793789506825,1.6737944815883017,0.0941062970955039,0.0392163325813967,0.215754257953794,0.0874292091648678,401,356
2,track_to_track_ci,28,True,3.2,False,,42.11356900721188,3.5530574026784176,0.2815503207583602,10.782488203784974,3.4246805112434524,0.3016139389099767,0.2691768009069559,0.425875154357666,0.2675915500481499,401,337
2,baseline_geometric,28,True,,False,,,2.966568849419207,0.080602888247671,6.834455732738464,2.8832835538172263,2.966568849419207,0.080602888247671,6.834455732738464,2.8832835538172263,401,401
2,fusion,29,True,2.2,False,,48.93570238529713,0.3202234739757548,0.18430522263205,0.5852403732107015,0.3068871603483271,0.2681521413281197,0.146988272577929,0.5337630491561707,0.2538256441135978,401,357
2,rf_only,29,False,,False,,100.58140202798816,6.856848613845875,6.153363313965306,10.250482759089564,1.914132966144254,6.856848613845875,6.153363313965306,10.250482759089564,1.914132966144254,401,381
2,camera_only,29,True,2.1,False,,2.823789871907744,0.5915729997431299,0.0468007489530457,0.674629243025025,0.5704541519423413,0.1581567834140099,0.0441655291015353,0.426867830708146,0.1532027881846259,401,359
2,track_to_track_ci,29,True,3.2,False,,46.41360817396939,0.7637920293471349,0.3009029729910396,1.287283713126207,0.725347819803136,0.3089507480321801,0.2782631031678578,0.4342805314977275,0.2760587976131692,401,337
2,baseline_geometric,29,True,,False,,,2.857768605808057,0.087760956049467,6.956283092085393,2.776235166899841,2.857768605808057,0.087760956049467,6.956283092085393,2.776235166899841,401,401
2,fusion,3,True,2.2666666666666666,False,,47.18329440590944,0.5884981110843519,0.1586416736137129,0.6173802555713792,0.5680487599201174,0.2578682292998212,0.1444523638233002,0.4517034696780708,0.2405794711615071,401,355
2,rf_only,3,False,,False,,101.45056124746002,6.864241687638167,6.162298882397694,10.28322807838289,1.9404499461716496,6.864241687638167,6.162298882397694,10.28322807838289,1.9404499461716496,401,381
2,camera_only,3,True,2.2333333333333334,False,,3.217301572139406,2.230980817745221,0.0471177472501158,6.680182017496432,2.1656270130312336,0.1072454245327483,0.043782188979762,0.2202167195271558,0.0994452010538433,401,356
2,track_to_track_ci,3,True,3.2,False,,41.26626473520641,2.845890333963802,0.2816985632208659,8.42959748977712,2.747008752702644,0.2784431857872471,0.2579510506262191,0.3992927345574812,0.239964519465081,401,337
2,baseline_geometric,3,True,,False,,,2.4310355075979184,0.0823905940343135,6.097868492395097,2.359790930011126,2.4310355075979184,0.0823905940343135,6.097868492395097,2.359790930011126,401,401
2,fusion,4,True,2.1666666666666665,False,,48.14747102861841,0.3528938473571777,0.1999472428502271,0.573436110355796,0.3359998606443931,0.2751994567116036,0.1835645800160539,0.4967663958520306,0.2573514700992343,401,357
2,rf_only,4,False,,False,,104.46208401604764,6.858407470232195,6.279164547569042,10.267776902480772,1.919709667895572,6.858407470232195,6.279164547569042,10.267776902480772,1.919709667895572,401,381
2,camera_only,4,True,2.0666666666666664,False,,2.538143479536485,0.7658388245522907,0.0423852350379306,1.0173043394939671,0.7415607715633828,0.0947303955370624,0.0403576709826915,0.2143442236746932,0.0868490742457026,401,359
2,track_to_track_ci,4,True,3.25,False,,52.91068548985792,1.0013703042039013,0.3380816260266485,2.149806605748936,0.965025470515068,0.4463070531486334,0.3223507106716617,0.9762937106764646,0.4239884455897131,401,336
2,baseline_geometric,4,True,,False,,,2.586077347944734,0.0803525519655212,6.959570381705183,2.5105434206107757,2.586077347944734,0.0803525519655212,6.959570381705183,2.5105434206107757,401,401
2,fusion,5,True,2.1666666666666665,False,,45.754009465292334,0.3382145772776175,0.1419378114517022,0.4003385565178477,0.3220838160094726,0.2235363169060377,0.1379545469447584,0.3849429137673874,0.2072907142297796,401,357
2,rf_only,5,False,,False,,103.32964600346428,6.858367700527352,6.15153244262502,10.263718168182072,1.9195675622906656,6.858367700527352,6.15153244262502,10.263718168182072,1.9195675622906656,401,381
2,camera_only,5,True,2.3,False,,3.104045352992452,1.7491039053531086,0.0455756197698641,4.540147691112964,1.695205805086852,0.0861621561487553,0.0427523445829343,0.1938887006669267,0.0786287365986035,401,355
2,track_to_track_ci,5,True,3.2,False,,42.38875622306826,2.445251116355819,0.2661587656270066,7.259122622328918,2.3586377736483106,0.2689161144043229,0.2545916064705003,0.3992409558088122,0.2321316181222794,401,337
2,baseline_geometric,5,True,,False,,,2.522557776718683,0.0809976872978102,6.097911512563576,2.449195871736551,2.522557776718683,0.0809976872978102,6.097911512563576,2.449195871736551,401,401
2,fusion,6,True,2.2333333333333334,False,,47.13664052416441,0.3395211101922694,0.1690113174443507,0.6028867801547878,0.3210306520283014,0.2562660929893705,0.1586134557329623,0.4884023982910471,0.2386738166753073,401,356
2,rf_only,6,False,,False,,98.096679482914,6.846828787907666,6.162556343014982,10.245570303106785,1.877923367413216,6.846828787907666,6.162556343014982,10.245570303106785,1.877923367413216,401,381
2,camera_only,6,True,2.0666666666666664,False,,2.7038645579821448,1.1040901763758544,0.0452904334615852,0.6875498061280703,1.0693497313749143,0.1075280758622564,0.0436674897365767,0.132390970038501,0.1021346757093388,401,359
2,track_to_track_ci,6,True,3.1,False,,50.77242928666288,1.5144260445314477,0.3284636779692594,3.349696036352087,1.4579218075840903,0.4094765503430958,0.3074968281034159,0.6968051772679714,0.379238015245084,401,339
2,baseline_geometric,6,True,,False,,,2.5164161339555853,0.0765842001702407,5.464348957820526,2.446905132458615,2.5164161339555853,0.0765842001702407,5.464348957820526,2.446905132458615,401,401
2,fusion,7,True,2.1666666666666665,False,,53.02825590788723,0.4002299900936173,0.2491676151450867,0.4535899093026803,0.3807099191822433,0.2628178385482246,0.241316829149137,0.4133874890533445,0.2441030493032406,401,357
2,rf_only,7,False,,False,,107.03158548908092,6.85770969782142,6.166215306492637,10.282204446007851,1.9172153114092143,6.85770969782142,6.166215306492637,10.282204446007851,1.9172153114092143,401,381
2,camera_only,7,True,2.0666666666666664,False,,3.2676459057898395,1.0254629250244074,0.0524693685661017,2.039673064575142,0.9928493057265912,0.2178654622349838,0.0474964768277205,0.565384813334819,0.2113172056634508,401,359
2,track_to_track_ci,7,True,3.25,False,,48.10069389854369,1.236925713518742,0.3063521406273161,2.6445489188627813,1.1899578579697525,0.3096631701631142,0.2676087171998057,0.454849981832457,0.2746936533716491,401,336
2,baseline_geometric,7,True,,False,,,2.760154572078489,0.0849231501468073,6.622068674933883,2.682884310222575,2.760154572078489,0.0849231501468073,6.622068674933883,2.682884310222575,401,401
2,fusion,8,True,2.433333333333333,False,,47.48650010479837,0.6170439474700666,0.1900963127354419,0.9759815267422252,0.5949494151127219,0.2768426871009775,0.1673288592158036,0.5486708718534085,0.2613102247847202,401,352
2,rf_only,8,False,,False,,111.26517758968755,6.903383283025562,6.20784595422939,10.338313610030548,2.074664411671542,6.903383283025562,6.20784595422939,10.338313610030548,2.074664411671542,401,381
2,camera_only,8,True,2.1,False,,2.893395689969677,1.6008999703696625,0.0450749714370021,1.1711626209208013,1.5525671625454205,0.2167647374661693,0.043659600564855,0.5666898116522749,0.2083087265562478,401,359
2,track_to_track_ci,8,True,3.2,False,,44.232158409829786,1.7230645881431044,0.2836785179350448,4.171754469639383,1.6632341330596565,0.3102058675200092,0.269206905366373,0.4375801990747768,0.2782321543334838,401,337
2,baseline_geometric,8,True,,False,,,2.8263061214698184,0.0847934333563924,6.46310742649585,2.746943039993401,2.8263061214698184,0.0847934333563924,6.46310742649585,2.746943039993401,401,401
2,fusion,9,True,2.2666666666666666,False,,47.32214540314583,0.3511210349929449,0.2131173082604173,0.6175858770668922,0.3351793695536946,0.2443657542041675,0.1993704841023643,0.4145122341716594,0.2297258648448313,401,355
2,rf_only,9,False,,False,,102.87397765649004,6.867669650592229,6.132122042760741,10.348252597199457,1.9525415594198607,6.867669650592229,6.132122042760741,10.348252597199457,1.9525415594198607,401,381
2,camera_only,9,True,9.766666666666666,False,,3.064824414394972,6.637254132265162,0.2694905498387407,13.626734707837306,6.011891642036068,0.1569207760268917,0.0452328232471199,0.4657016994634072,0.1533741011774101,401,205
2,track_to_track_ci,9,False,,False,,45.13627966340787,3.059654511906009,0.3268518158611615,9.570057144376529,2.9471822415228623,3.059654511906009,0.3268518158611615,9.570057144376529,2.9471822415228623,401,381
2,baseline_geometric,9,True,,False,,,2.961369639255382,0.0852189340338578,8.11887492652475,2.8764179644829158,2.961369639255382,0.0852189340338578,8.11887492652475,2.8764179644829158,401,401
3,fusion,0,True,1.7333333333333334,False,,43.66671762049239,0.6014993928421518,0.1639452708297026,0.2575403813177587,0.5858390575900748,0.1688989424153404,0.1578542068836351,0.2528490436969843,0.1529909401781616,401,366
3,rf_only,0,False,,False,,86.2430877513566,6.773092488648849,6.066970884114913,10.406986088519602,1.588179375564997,6.773092488648849,6.066970884114913,10.406986088519602,1.588179375564997,401,381
3,camera_only,0,True,1.9,False,,3.820994133682784,1.795195916377493,0.0544430495204437,0.2173935229012115,1.7491975760348453,0.0758320959509637,0.0508733448791349,0.1435629711772702,0.0649449961936131,401,363
3,track_to_track_ci,0,True,2.85,False,,43.21121767916595,2.559431435484383,0.2691947199406732,4.947763660585298,2.487660982283826,0.2720964922571711,0.2597318857532004,0.3774090707896126,0.2341650459549964,401,344
3,baseline_geometric,0,True,,False,,,2.3100132779008224,0.0928861432541828,6.281167262179529,2.256852584651991,2.3100132779008224,0.0928861432541828,6.281167262179529,2.256852584651991,401,401
3,fusion,1,True,1.7333333333333334,False,,39.67293398074898,0.7064519790464882,0.1675742834990404,0.2516868929112785,0.6882270899311408,0.1603663199256341,0.1641319921196813,0.2382226537333866,0.1452745880643799,401,366
3,rf_only,1,False,,False,,77.2803253874849,6.741686359201098,6.095406721866195,10.261335384802948,1.448401472899289,6.741686359201098,6.095406721866195,10.261335384802948,1.448401472899289,401,381
3,camera_only,1,True,1.7333333333333334,False,,2.9209996822532576,2.1869811496246947,0.045912457289971,0.1923393962176202,2.131789339296129,0.0651687350796507,0.0445789042051137,0.1220925853590517,0.0548613600769381,401,366
3,track_to_track_ci,1,True,2.85,False,,40.881455128284415,3.292622655320123,0.2608185333865928,9.547978855322215,3.203100491768611,0.2650618980091692,0.2535666867409942,0.3675384666170693,0.2247151974172756,401,344
3,baseline_geometric,1,True,,False,,,2.2606011117894043,0.0876523336752531,6.191292860712157,2.2104831151459505,2.2606011117894043,0.0876523336752531,6.191292860712157,2.2104831151459505,401,401
3,fusion,10,True,1.7333333333333334,False,,41.24047504742127,0.2876814281784742,0.1580325887392059,0.257404599774808,0.2746159205906914,0.1623071787904652,0.1574036091601366,0.2542458833948483,0.1479065600294649,401,366
3,rf_only,10,False,,False,,87.84980713517807,6.76909793974947,6.0759698538301965,10.285850254237118,1.57105659730627,6.76909793974947,6.0759698538301965,10.285850254237118,1.57105659730627,401,381
3,camera_only,10,True,1.7333333333333334,False,,2.747774811350412,0.93908996580213,0.0439957379321034,0.1268018326924348,0.9147271846718176,0.0555942128181917,0.0431317079823144,0.0965198327799548,0.0447798387758127,401,366
3,track_to_track_ci,10,True,2.85,False,,43.81461289751456,0.9748577112325506,0.2626437857551304,1.9421807469350016,0.9409400530657832,0.271614969770055,0.2515492529277097,0.3722661121484881,0.2331853658115161,401,344
3,baseline_geometric,10,True,,False,,,2.052460627969784,0.0842876626852402,4.182218878948107,2.009010377228054,2.052460627969784,0.0842876626852402,4.182218878948107,2.009010377228054,401,401
3,fusion,11,True,3.1333333333333333,False,,42.41868924992824,1.226927354965301,0.1834040596136753,1.463157893537523,1.1964739013568249,0.1627463179262252,0.1755574646217526,0.2196636957707426,0.1469523441132097,401,338
3,rf_only,11,False,,False,,83.76932672618602,6.790266708144495,6.061064008514496,10.389236868935733,1.6598957382208654,6.790266708144495,6.061064008514496,10.389236868935733,1.6598957382208654,401,381
3,camera_only,11,True,2.033333333333333,False,,2.957852669905884,3.666246693584331,0.0492823067506403,8.71325647989705,3.574510109805243,0.0682497060693937,0.0469851813802552,0.1224776722709305,0.0592694356276865,401,360
3,track_to_track_ci,11,True,2.85,False,,43.73936972531318,4.060484749953284,0.2529266000240928,9.235000008735518,3.954893575669589,0.2680771841555331,0.2476819149438263,0.3845821479843899,0.2262151103069044,401,344
3,baseline_geometric,11,True,,False,,,2.6166217693085425,0.0908459680478399,6.528323350841045,2.5566840385954395,2.6166217693085425,0.0908459680478399,6.528323350841045,2.5566840385954395,401,401
3,fusion,12,True,1.7333333333333334,False,,39.58335524557064,0.1883875159094342,0.1582318553038723,0.2544236843417451,0.1739563728433343,0.1596762214459995,0.1558049316786469,0.2475922281781449,0.1450958202106318,401,366
3,rf_only,12,False,,False,,85.29108163661478,6.774123903237185,6.089281300635431,10.350713471398429,1.592572305777393,6.774123903237185,6.089281300635431,10.350713471398429,1.592572305777393,401,381
3,camera_only,12,True,1.7333333333333334,False,,2.7868121916927566,1.1254775871423852,0.0459433100432928,0.2103760908228668,1.0976883407115228,0.0670102961205214,0.0443979175403437,0.1265884645871838,0.059060842057643,401,366
3,track_to_track_ci,12,True,2.85,False,,40.69130002986337,1.5323749282092731,0.2574415451667496,2.7968481372010148,1.4899965083048,0.2543030786627178,0.249383182079464,0.3421440767246408,0.2201849841178273,401,344
3,baseline_geometric,12,True,,False,,,2.5342811634587314,0.0877136815451357,5.654952959673681,2.4748754549273704,2.5342811634587314,0.0877136815451357,5.654952959673681,2.4748754549273704,401,401
3,fusion,13,True,1.7333333333333334,False,,42.98825040111672,0.3312333020139847,0.1728558796889397,0.2667247075319316,0.3181884762031838,0.1719404749187321,0.1662935845968263,0.2510670468154497,0.1565148481611062,401,366
3,rf_only,13,False,,False,,89.67885871002397,6.777387186561443,6.104909745148152,10.323360882858733,1.606396272350534,6.777387186561443,6.104909745148152,10.323360882858733,1.606396272350534,401,381
3,camera_only,13,True,1.7333333333333334,False,,2.979595118889516,0.9407832527487504,0.0507967645359429,0.2117521775070991,0.9175680865744332,0.0718887460874972,0.0496604493783493,0.1374401314048634,0.0615706197370664,401,366
3,track_to_track_ci,13,True,2.85,False,,44.06796961744113,2.0274179120499234,0.2670552215146136,5.674730191152413,1.963425192595372,0.2755294146669381,0.2634677562845623,0.3849250515366256,0.2343944935551595,401,344
3,baseline_geometric,13,True,,False,,,2.352291393712874,0.0848300596161338,5.361033079966036,2.2996729561289504,2.352291393712874,0.0848300596161338,5.361033079966036,2.2996729561289504,401,401
3,fusion,14,True,2.333333333333333,False,,43.98200002888171,0.4542561709879206,0.1820621564625878,0.3197766101666188,0.4352355766830907,0.1715969805123999,0.179739175624503,0.2484164913416547,0.1542511808278456,401,354
3,rf_only,14,False,,False,,101.14027080186216,6.820765291459528,6.13540192305617,10.443056648648971,1.780553581786332,6.820765291459528,6.13540192305617,10.443056648648971,1.780553581786332,401,381
3,camera_only,14,True,3.1666666666666665,False,,2.67620328301794,4.142299002633453,0.0508729288984795,11.353337576218795,4.030855955139116,0.0698297739751901,0.0448725259284747,0.1252221086189628,0.0617711494433962,401,337
3,track_to_track_ci,14,True,2.85,False,,43.49876273539225,4.044402106617681,0.272369180312936,10.78281738844063,3.9338733550388216,0.2697520770068062,0.2663626485425616,0.3815429381168643,0.2350721413119508,401,344
3,baseline_geometric,14,True,,False,,,2.292466927731525,0.0861417229634449,5.909782868554556,2.241953089314153,2.292466927731525,0.0861417229634449,5.909782868554556,2.241953089314153,401,401
3,fusion,15,True,1.7333333333333334,False,,37.48003249407109,0.3086952450998518,0.1545402973059669,0.2364351430259287,0.2962918932730509,0.154130844140534,0.153446776778824,0.2206531641810389,0.1377113506321834,401,366
3,rf_only,15,False,,False,,89.5023860865246,6.8024652864254005,6.075976773145981,10.45340164610535,1.709112602768657,6.8024652864254005,6.075976773145981,10.45340164610535,1.709112602768657,401,381
3,camera_only,15,True,1.7333333333333334,False,,2.6112059960161567,1.0696912581190203,0.0442164026854202,0.2263180205892766,1.0396006619620484,0.0648776936296558,0.0434731322036055,0.117414336319642,0.053234867582862,401,366
3,track_to_track_ci,15,True,2.85,False,,40.44664335096491,1.9171658095907371,0.2476591525200452,4.975710914086358,1.856449366824044,0.2528237208322107,0.2420754932367035,0.3416854531626282,0.2097849511738993,401,344
3,baseline_geometric,15,True,,False,,,2.155781371096072,0.0854403896651692,5.588268142822706,2.106327569363251,2.155781371096072,0.0854403896651692,5.588268142822706,2.106327569363251,401,401
3,fusion,16,True,1.7666666666666666,False,,40.52604782375796,0.6653257892554078,0.1690578655578082,0.2647954685657936,0.6471953428155368,0.1666265907643009,0.1647677924280417,0.2451745634308114,0.1488823164586492,401,365
3,rf_only,16,False,,False,,82.84997759103862,6.758595069161969,6.081430249398509,10.23159995571652,1.5251685808069526,6.758595069161969,6.081430249398509,10.23159995571652,1.5251685808069526,401,381
3,camera_only,16,True,1.9,False,,2.94869020600815,2.21479118071077,0.0508090810373254,0.1986566560461252,2.157493411735057,0.0668269398786793,0.0493143611698086,0.1209490408573475,0.0548292889853175,401,363
3,track_to_track_ci,16,True,2.85,False,,42.39964524950405,2.6741844301158606,0.2692133998321485,6.298457377037403,2.5993143169670905,0.2688072077951996,0.260778018852379,0.3843034431244904,0.2282549248569711,401,344
3,baseline_geometric,16,True,,False,,,2.273747433288495,0.0889619325339124,5.649501424448348,2.221177168609948,2.273747433288495,0.0889619325339124,5.649501424448348,2.221177168609948,401,401
3,fusion,17,True,1.7333333333333334,False,,37.56841727608077,0.2169889619290126,0.1627798927830862,0.246502562852705,0.2008110341255735,0.1532619274323421,0.1604251704169979,0.2279197750873476,0.1369513505633414,401,366
3,rf_only,17,False,,False,,93.59824732960514,6.795051816333305,6.099949654503421,10.367426405186238,1.679363297665729,6.795051816333305,6.099949654503421,10.367426405186238,1.679363297665729,401,381
3,camera_only,17,True,1.7666666666666666,False,,2.955305519529317,1.002686680096539,0.0398862148768612,0.1853412578645098,0.9753188023049574,0.0647713415859903,0.0385243194252542,0.1038564147001341,0.0551631285245558,401,365
3,track_to_track_ci,17,True,2.85,False,,42.26948453294303,1.1940640632330746,0.2595381923231618,1.8335419482517183,1.1558315781273392,0.2613100891946017,0.2505120807223164,0.3446910234700949,0.2191988535848471,401,344
3,baseline_geometric,17,True,,False,,,2.712672532239799,0.0832631877618244,4.861833718228173,2.6536122453714235,2.712672532239799,0.0832631877618244,4.861833718228173,2.6536122453714235,401,401
3,fusion,18,True,1.8,False,,39.05680388853757,0.2994588874362616,0.1608483964828339,0.2565654210716837,0.283219883034829,0.159269194685153,0.1587292918115321,0.2423217560015584,0.1437865377082463,401,365
3,rf_only,18,False,,False,,82.31908424766323,6.768156996186973,6.064211087196412,10.334860277812949,1.5669974482645592,6.768156996186973,6.064211087196412,10.334860277812949,1.5669974482645592,401,381
3,camera_only,18,True,1.7333333333333334,False,,2.835542197020931,0.6224980502283018,0.0485431655304391,0.1914963345134303,0.602897199827152,0.0653957292083434,0.0468773466074587,0.1219749179578332,0.0565340986267161,401,366
3,track_to_track_ci,18,True,2.85,False,,41.16069199255972,1.5537276212268911,0.2528515506658162,3.128619713527857,1.5004830647444467,0.2616998234026392,0.24958516165466,0.3662265003185458,0.2205444716283408,401,344
3,baseline_geometric,18,True,,False,,,2.330604087973437,0.0844411372856068,5.2536569832641264,2.2828688737849308,2.330604087973437,0.0844411372856068,5.2536569832641264,2.2828688737849308,401,401
3,fusion,19,True,1.7333333333333334,False,,40.46999816452042,0.6407400652949508,0.1582789443713817,0.2521713752854016,0.6230116889486723,0.1593049113627175,0.154735146091465,0.2306315634519413,0.1424354902012987,401,366
3,rf_only,19,False,,False,,93.81411099790424,6.811087612042549,6.157959637798746,10.414667686782792,1.743113973443089,6.811087612042549,6.157959637798746,10.414667686782792,1.743113973443089,401,381
3,camera_only,19,True,2.0,False,,3.300203602199133,2.5167686649872336,0.0491428062520382,1.383590628812415,2.4531503898541893,0.0717558271299749,0.0478769789000633,0.156905395215831,0.0606612618571978,401,361
3,track_to_track_ci,19,True,2.85,False,,41.15155886901871,3.6520265004577466,0.2598539488367693,10.795143616608842,3.546928058790213,0.2568975542771985,0.2531688442536663,0.3338920926217891,0.218115575997589,401,344
3,baseline_geometric,19,True,,False,,,2.154234960785655,0.0869348061736556,5.240140048522606,2.107056422944427,2.154234960785655,0.0869348061736556,5.240140048522606,2.107056422944427,401,401
3,fusion,2,True,1.7333333333333334,False,,39.52920442906327,0.3380005718098115,0.1644409257865912,0.2441111303980913,0.3248740270613841,0.1581987568086006,0.1588042539322992,0.228925431413321,0.1427432990637607,401,366
3,rf_only,2,False,,False,,92.6487104317325,6.782851893250528,6.082355611728469,10.350956487639165,1.6292979113714212,6.782851893250528,6.082355611728469,10.350956487639165,1.6292979113714212,401,381
3,camera_only,2,True,1.8,False,,2.6266966134663186,2.21362306176574,0.0441355308124085,0.2549445371152065,2.1571414985572943,0.0710453062841709,0.0426947292192828,0.1164203340896499,0.062239567483239,401,365
3,track_to_track_ci,2,True,2.85,False,,41.33793830869677,2.5325166400052352,0.2594798354619499,6.056493576610797,2.46431777683457,0.2613674411381624,0.2535358050308084,0.3482249362702794,0.2210043741519261,401,344
3,baseline_geometric,2,True,,False,,,2.547515258189049,0.0805671493105518,5.33954374144792,2.4936980369956245,2.547515258189049,0.0805671493105518,5.33954374144792,2.4936980369956245,401,401
3,fusion,20,True,1.8333333333333333,False,,38.08110139898442,0.4881786943905778,0.1449193115074213,0.2793359681338231,0.4725750990574255,0.1535945074747738,0.1424350785728587,0.2356002145050389,0.1367453020091576,401,364
3,rf_only,20,False,,False,,103.846098040298,6.837714506428262,6.123974754964326,10.49253419524752,1.8444163207586988,6.837714506428262,6.123974754964326,10.49253419524752,1.8444163207586988,401,381
3,camera_only,20,True,1.7333333333333334,False,,2.963110422844555,0.8548494686529686,0.0475568963433332,0.1610088274104718,0.8296823635179424,0.0623623742471285,0.0459953219109462,0.1174693825196167,0.0476830182099241,401,366
3,track_to_track_ci,20,True,2.85,False,,42.95216953369369,1.227223966350622,0.2531044750181206,2.614175083012373,1.180403016610855,0.2621402058986003,0.2461849685223383,0.3812633604116566,0.2237547321953197,401,344
3,baseline_geometric,20,True,,False,,,2.362535363995339,0.092564703874689,5.230983528205105,2.3078373485374,2.362535363995339,0.092564703874689,5.230983528205105,2.3078373485374,401,401
3,fusion,21,True,1.8,False,,37.04865259828517,0.2792663160934937,0.1504282909659671,0.2387239499824267,0.265916118808908,0.1490306849660266,0.1455437411862007,0.2197983909475057,0.1357097462403098,401,365
3,rf_only,21,False,,False,,78.641877271878,6.764982926194322,6.062948075390194,10.335797181680606,1.5532307815959714,6.764982926194322,6.062948075390194,10.335797181680606,1.5532307815959714,401,381
3,camera_only,21,True,1.7333333333333334,False,,2.437096333514914,0.3336942670905999,0.041897224254814,0.1157545315279949,0.3246245225801665,0.0511512357999865,0.0404198127940891,0.0948848687110776,0.0422595734841347,401,366
3,track_to_track_ci,21,True,2.85,False,,40.36655023404139,1.574894071104857,0.2428126770482155,3.413442070946952,1.5237678674208204,0.2570830259892616,0.2406101017675315,0.3534694274973539,0.2203458682599551,401,344
3,baseline_geometric,21,True,,False,,,2.430994662323555,0.0903140812276374,5.455630917226439,2.3769091456353664,2.430994662323555,0.0903140812276374,5.455630917226439,2.3769091456353664,401,401
3,fusion,22,True,1.8,False,,40.06583718948469,0.3551499199508921,0.1674771737340898,0.2335008424393657,0.3406942265430226,0.1602658383673089,0.1644892023626002,0.2288851128976044,0.1466685868904626,401,365
3,rf_only,22,False,,False,,85.35246208601716,6.777561816314081,6.083733707634808,10.254367708030763,1.6071328724678395,6.777561816314081,6.083733707634808,10.254367708030763,1.6071328724678395,401,381
3,camera_only,22,True,1.7333333333333334,False,,2.728943814821689,1.5743188358303182,0.0450764097709087,0.1506154967870629,1.533995101803472,0.0594999469911072,0.0436758498342775,0.1077577357251189,0.0509365809982648,401,366
3,track_to_track_ci,22,True,2.85,False,,43.44859340806244,1.8100858383665657,0.26022144105192,4.318242116083781,1.758501680509441,0.2679793131110077,0.2491939442475667,0.374011901492458,0.2280716809558031,401,344
3,baseline_geometric,22,True,,False,,,2.455378051723608,0.0910430506848021,5.003063836837975,2.402436587052853,2.455378051723608,0.0910430506848021,5.003063836837975,2.402436587052853,401,401
3,fusion,23,True,1.8666666666666667,False,,43.67124573409016,0.399004195762048,0.1698434833096009,0.255810861395166,0.3797340388115695,0.1676383190385577,0.1639858019629759,0.2400119576352055,0.1507892743813622,401,363
3,rf_only,23,False,,False,,80.31325496521957,6.760786981885653,6.076180231534137,10.31665701194664,1.534852606610899,6.760786981885653,6.076180231534137,10.31665701194664,1.534852606610899,401,381
3,camera_only,23,True,1.7333333333333334,False,,3.198796591881696,1.2502080557264417,0.0527248883673101,0.1373654356174433,1.220546613791512,0.0627702528417342,0.0520319749893763,0.1093711216976538,0.0517691089457784,401,366
3,track_to_track_ci,23,True,2.85,False,,46.93226349934568,1.3681239881070832,0.2884939445860985,2.3915329440129875,1.329101055679193,0.2896911854040628,0.2801226578377166,0.3846380868595399,0.2467025889842609,401,344
3,baseline_geometric,23,True,,False,,,2.864175764562164,0.0861634862752185,6.331785094294259,2.8002968005272115,2.864175764562164,0.0861634862752185,6.331785094294259,2.8002968005272115,401,401
3,fusion,24,True,2.0666666666666664,False,,40.23397877088579,0.4011997342889029,0.1634658047537751,0.4036377247856741,0.3864827815547059,0.1698531796780847,0.1580194234324361,0.2473212474659259,0.1543700615499266,401,359
3,rf_only,24,False,,False,,78.93807576099522,6.747763526685839,6.094870962255764,10.245466113359443,1.4764296399271597,6.747763526685839,6.094870962255764,10.245466113359443,1.4764296399271597,401,381
3,camera_only,24,True,1.7333333333333334,False,,3.0080297455321583,0.8837875869169588,0.0485146315293096,0.1906117707738232,0.8616710663314905,0.0717631279722246,0.0473038076358648,0.1523023659505885,0.057336874067339,401,366
3,track_to_track_ci,24,True,2.85,False,,41.44336763212032,1.2800351627321167,0.2667865934252023,3.435960071685791,1.233409631580111,0.2617387313923119,0.2602688253168825,0.3514072112129602,0.2284970620744501,401,344
3,baseline_geometric,24,True,,False,,,2.294506927875556,0.086080650378455,4.828206494440534,2.2436472568152803,2.294506927875556,0.086080650378455,4.828206494440534,2.2436472568152803,401,401
3,fusion,25,True,1.7333333333333334,False,,35.85670911364343,0.2903133945002428,0.1510557729375235,0.2341475585991586,0.2746885339977783,0.1481298122765776,0.1478648291050339,0.2211274393210905,0.1317311702417412,401,366
3,rf_only,25,False,,False,,90.07583580915016,6.7784697435859655,6.0783228489472,10.313867664596753,1.610957459554694,6.7784697435859655,6.0783228489472,10.313867664596753,1.610957459554694,401,381
3,camera_only,25,True,1.7333333333333334,False,,2.6345476869714872,1.0837542006892742,0.0441257263289891,0.1135843409570589,1.055605919891702,0.0543787934202028,0.0428775296271062,0.093300756583898,0.0415645413535374,401,366
3,track_to_track_ci,25,True,2.85,False,,40.83122081947619,1.7510009568807496,0.2536132348219881,4.212932915942339,1.6959651923580108,0.2606271376772098,0.2447472401540831,0.3488280752227127,0.2159689165464361,401,344
3,baseline_geometric,25,True,,False,,,2.3680232769603022,0.0855016525691934,4.790631322037544,2.314121552014777,2.3680232769603022,0.0855016525691934,4.790631322037544,2.314121552014777,401,401
3,fusion,26,True,1.8,False,,37.85569234555661,0.3954352828603379,0.1458556924639283,0.2753592738537384,0.379371340266469,0.152963126906903,0.1399618150221325,0.2410731496444738,0.1352082426563982,401,365
3,rf_only,26,False,,False,,90.2632004451402,6.7763855832607005,6.075857506660508,10.34897912673632,1.6021652491429974,6.7763855832607005,6.075857506660508,10.34897912673632,1.6021652491429974,401,381
3,camera_only,26,True,9.8,False,,3.159043267584905,12.047576209733831,0.0988480992936345,25.52753188439408,11.229538479085145,0.0615451550691907,0.0485806725845553,0.1037930684650617,0.044040144634724,401,205
3,track_to_track_ci,26,True,2.9000000000000004,False,,42.3718583882746,1.9186088570558568,0.2615100798887682,5.220235472251318,1.860281432115426,0.2693643313126679,0.2531197375799191,0.3802030935557244,0.2244897433260858,401,343
3,baseline_geometric,26,True,,False,,,2.327950943374282,0.0858121925041269,4.450511812812198,2.274625231649103,2.327950943374282,0.0858121925041269,4.450511812812198,2.274625231649103,401,401
3,fusion,27,True,1.8,False,,42.258940146074366,0.5103437559572932,0.1743004174919292,0.2631399189147066,0.4961671460061788,0.1645338737612001,0.1715225777191837,0.2503506147861421,0.1476166895643046,401,365
3,rf_only,27,False,,False,,83.84275981553189,6.768601658512661,6.058042533882402,10.318308477845678,1.5689169315348317,6.768601658512661,6.058042533882402,10.318308477845678,1.5689169315348317,401,381
3,camera_only,27,True,1.7333333333333334,False,,3.1344679845699965,1.811410610176036,0.0505914972459317,0.1407484571327215,1.7648845177573187,0.0637597458141894,0.0491802427333349,0.1042171874818421,0.0514970567645913,401,366
3,track_to_track_ci,27,True,2.85,False,,42.50100256359251,2.821626525323793,0.2587071766958231,8.41293389826707,2.7425273404373884,0.2641902676423691,0.2439954189094756,0.3436076602246189,0.2222206272328002,401,344
3,baseline_geometric,27,True,,False,,,2.424083580499063,0.0890788490157819,6.192486664655613,2.3710271410809614,2.424083580499063,0.0890788490157819,6.192486664655613,2.3710271410809614,401,401
3,fusion,28,True,1.9,False,,43.09834801899369,1.2389972825885116,0.1710302479048336,0.3054649733344882,1.2088534314197654,0.1639852095590401,0.1696708088704961,0.2399501613883313,0.1480268731027713,401,363
3,rf_only,28,False,,False,,84.81466350356996,6.7763029874212535,6.06288132521289,10.368274352096332,1.601815879495564,6.7763029874212535,6.06288132521289,10.368274352096332,1.601815879495564,401,381
3,camera_only,28,True,2.6333333333333333,False,,3.912709083954272,4.840654340449057,0.0497454080930448,13.912458955369392,4.71641698335573,0.0723216573492319,0.045360259598017,0.1508980492128827,0.0619836217229877,401,348
3,track_to_track_ci,28,True,2.9000000000000004,False,,43.33680859135606,5.844014677464999,0.26013432692006,17.017617173648816,5.684463423467969,0.2724455418455349,0.2512976705407365,0.3882669809737815,0.232276514551695,401,343
3,baseline_geometric,28,True,,False,,,2.416083137222882,0.0857447305767326,5.552555212069531,2.3633642398380306,2.416083137222882,0.0857447305767326,5.552555212069531,2.3633642398380306,401,401
3,fusion,29,True,1.7666666666666666,False,,40.537136500828055,0.4538131320790982,0.1602040852862574,0.2568795103800505,0.4405471530667226,0.1619501052402212,0.156625371816407,0.2407395252037408,0.1471146540878033,401,365
3,rf_only,29,False,,False,,86.13012804604126,6.766616488420084,6.061072850979906,10.28639859916474,1.56033028679207,6.766616488420084,6.061072850979906,10.28639859916474,1.56033028679207,401,381
3,camera_only,29,True,1.7333333333333334,False,,2.7911124033515806,0.8544373693543614,0.0489765788150014,0.1587766686193742,0.8327272267683705,0.062645445400509,0.0478927015821786,0.1169498487059047,0.0525074403203776,401,366
3,track_to_track_ci,29,True,2.85,False,,43.00415623980179,1.1002372279896022,0.2675297570026076,1.9371085764503344,1.0618523264649626,0.2689931343668933,0.2610266761214311,0.3533722008225238,0.2314345229515838,401,344
3,baseline_geometric,29,True,,False,,,2.768148068471568,0.0914162735499813,6.02337633632258,2.7119681620447835,2.768148068471568,0.0914162735499813,6.02337633632258,2.7119681620447835,401,401
3,fusion,3,True,1.7666666666666666,False,,37.98565509410142,0.4272923311759349,0.1540458557353103,0.2737639288325862,0.4155718212066677,0.1611617397635737,0.1499541293272009,0.2582702883469759,0.1453523342075324,401,365
3,rf_only,3,False,,False,,81.71279506246893,6.749722057161289,6.088431383260639,10.214783024674457,1.485355079905491,6.749722057161289,6.088431383260639,10.214783024674457,1.485355079905491,401,381
3,camera_only,3,True,1.7333333333333334,False,,2.771909174945537,1.2548910508695374,0.0485703946723811,0.1560424130115059,1.2224214602347472,0.0635649537144766,0.0455254313178692,0.1160324657908907,0.0523109101648744,401,366
3,track_to_track_ci,3,False,,False,,47.53831633744417,1.58975024226329,0.3350118471133901,4.455459236554537,1.5387932029160365,1.58975024226329,0.3350118471133901,4.455459236554537,1.5387932029160365,401,381
3,baseline_geometric,3,True,,False,,,1.892588992519433,0.0918980249370735,4.599383887492499,1.849277721597012,1.892588992519433,0.0918980249370735,4.599383887492499,1.849277721597012,401,401
3,fusion,4,True,1.7333333333333334,False,,41.21198195831394,0.2187156256577564,0.1757427671900386,0.2547330729591562,0.202376574079333,0.1659325254295701,0.1704269576698764,0.2444843705123707,0.147549265414111,401,366
3,rf_only,4,False,,False,,88.69464529933317,6.788050364455879,6.091988445421471,10.383795938479786,1.6508057641721998,6.788050364455879,6.091988445421471,10.383795938479786,1.6508057641721998,401,381
3,camera_only,4,True,1.7333333333333334,False,,2.944286107624826,0.7508073770228981,0.0486212901158751,0.1488418043936346,0.7298005946175247,0.0664800671147571,0.0473105510025096,0.11975338239508,0.0542005342177203,401,366
3,track_to_track_ci,4,True,2.85,False,,41.3224758963231,1.462356342240087,0.2691989386659952,1.8905742022075431,1.418882230946957,0.2691808218490847,0.2647180269765418,0.3809863255160994,0.2344519622177695,401,344
3,baseline_geometric,4,True,,False,,,2.5652022720245014,0.0826545434244499,6.327786372319018,2.508464048273779,2.5652022720245014,0.0826545434244499,6.327786372319018,2.508464048273779,401,401
3,fusion,5,True,2.1333333333333333,False,,36.04729909592601,0.9157733645678516,0.146135689193307,1.7471251245767545,0.7797300460294526,0.1566993872736159,0.1428677452640119,0.2492076177603034,0.1418789740903314,401,358
3,rf_only,5,False,,False,,76.8199360354816,6.739771076505956,6.1029617187794125,10.321598378665366,1.4394603310152156,6.739771076505956,6.1029617187794125,10.321598378665366,1.4394603310152156,401,381
3,camera_only,5,True,2.033333333333333,False,,2.687016833472785,2.310408759193631,0.0458528816746901,1.6868256977102922,2.251631157030933,0.0738473343723143,0.0439199352165167,0.1670263100757939,0.0643920217650842,401,360
3,track_to_track_ci,5,True,2.85,False,,38.07547634110031,5.942036739609673,0.2569587961227952,18.304394526682195,5.674836065541034,0.2557630679497908,0.2502851207789054,0.3523168720380613,0.2188236547446527,401,344
3,baseline_geometric,5,True,,False,,,2.799154335140844,0.085050315462666,5.791926587301701,2.7341742095724597,2.799154335140844,0.085050315462666,5.791926587301701,2.7341742095724597,401,401
3,fusion,6,True,1.8666666666666667,False,,40.31381869641725,0.6780735787500205,0.1616421260889159,0.2683442019494029,0.6592984182452664,0.1646071827868044,0.1520789943318241,0.2515656268151041,0.1485169042805142,401,363
3,rf_only,6,False,,False,,87.55678679906546,6.782369836869632,6.114690050651344,10.324888765470355,1.627289925795501,6.782369836869632,6.114690050651344,10.324888765470355,1.627289925795501,401,381
3,camera_only,6,True,10.666666666666666,False,,2.555778221440614,13.557701511156996,1.371622098039825,27.62356486442101,12.613071138626086,0.0961745781545661,0.0478899348662305,0.2370396907775858,0.0899437951568876,401,187
3,track_to_track_ci,6,True,2.85,False,,43.88679225928107,3.3156377961439123,0.276452345645515,8.067933584304646,3.2286401714175,0.2746716196086818,0.2638865573484432,0.3779832922313316,0.2350025031599319,401,344
3,baseline_geometric,6,True,,False,,,2.3009748476806235,0.0916488888552106,5.64590254487408,2.2503086764091416,2.3009748476806235,0.0916488888552106,5.64590254487408,2.2503086764091416,401,401
3,fusion,7,True,1.7333333333333334,False,,39.62847357848155,0.2317200615519137,0.1522489770399598,0.2590178438220758,0.2186761064412969,0.1545936071178347,0.1483509273090766,0.2411165428529575,0.1397388102559631,401,366
3,rf_only,7,False,,False,,78.28701918253013,6.749677402298932,6.080231755284995,10.237145905283333,1.4851521432048,6.749677402298932,6.080231755284995,10.237145905283333,1.4851521432048,401,381
3,camera_only,7,True,2.0,False,,3.175064262086542,1.458040186231171,0.0474379935838846,1.3284608604065409,1.420881857665956,0.0677051269066058,0.0452532423521344,0.1199072593951967,0.0560418567978329,401,361
3,track_to_track_ci,7,True,2.85,False,,43.263151397824586,1.5111721263577544,0.2597682594377032,3.789940384471358,1.46334945661334,0.2674144072084267,0.2542495657547835,0.367457188355391,0.2262821448794459,401,344
3,baseline_geometric,7,True,,False,,,2.5520935891046577,0.0879824239871361,5.070778588332473,2.498372911475261,2.5520935891046577,0.0879824239871361,5.070778588332473,2.498372911475261,401,401
3,fusion,8,True,1.8,False,,42.25185092613427,0.2103125578958341,0.1758501544953394,0.2634962079544027,0.1952719464851174,0.1698642761934029,0.1740851732948213,0.2567236360129284,0.1537066928937824,401,365
3,rf_only,8,False,,False,,91.00413533912048,6.796186956971899,6.085949819182283,10.400057598205104,1.6839504159923335,6.796186956971899,6.085949819182283,10.400057598205104,1.6839504159923335,401,381
3,camera_only,8,True,10.066666666666666,False,,2.934853873185053,10.388097994773236,0.1417870427185553,21.512802171608005,9.62199183164291,0.0677417857748764,0.0479128989632591,0.1397605352836806,0.0562162877504927,401,199
3,track_to_track_ci,8,True,3.0,False,,43.07467068983269,1.9021187047390364,0.2579284156002855,5.468761781484495,1.843769399810833,0.2683961710524863,0.2480208853183377,0.3714573952212442,0.2261816694547369,401,341
3,baseline_geometric,8,True,,False,,,2.010585219384679,0.0829784980347355,4.499470907561489,1.9665970573240212,2.010585219384679,0.0829784980347355,4.499470907561489,1.9665970573240212,401,401
3,fusion,9,True,1.8,False,,39.42106527501672,0.3762598987303402,0.1608910959496674,0.259688285390487,0.3614474687584282,0.1583844753185212,0.1544743554677223,0.2311281656092514,0.141850764518111,401,365
3,rf_only,9,False,,False,,83.40676148423137,6.784194406987149,6.077924618071062,10.397866670735938,1.6348778665542043,6.784194406987149,6.077924618071062,10.397866670735938,1.6348778665542043,401,381
3,camera_only,9,True,10.366666666666667,False,,2.8030161669213807,10.182991348986205,0.1416978903568404,21.555896275203207,9.46852876014304,0.0591020315405508,0.0438128742675819,0.1143466160439414,0.0461548407965344,401,193
3,track_to_track_ci,9,True,2.9000000000000004,False,,43.212668218222994,2.6425012097302547,0.2525350053562145,5.5384116490992765,2.567822865427416,0.2659776560578653,0.2481634563910012,0.3677774920953296,0.2253037007022853,401,343
3,baseline_geometric,9,True,,False,,,2.395664695784647,0.0883726243601518,4.5596021345526605,2.337250411908079,2.395664695784647,0.0883726243601518,4.5596021345526605,2.337250411908079,401,401
