scenario_id,sensor_mode,rmse_full_mean,rmse_full_std,rmse_steady_mean,rmse_steady_std,rmse_steady_xy_mean,rmse_steady_xy_std,median_error_steady_mean,mean_nees_steady_mean,n_repetitions,divergence_rate_pct,empirical_divergence_rate_pct,distance_scale,noise_scale
1,baseline_geometric,1.3438186913262395,0.10022407538111919,1.3438186913262395,0.10022407538111919,1.3017512048634414,0.09737047692621727,0.04727078231264158,,20,0.0,0.0,0.75,0.5
1,camera_only,0.8842710373520726,0.414998670350112,0.192422149201798,0.10752238816109108,0.18585873212808868,0.1053883848930482,0.026537327432039553,2.7045598380306517,20,0.0,0.0,0.75,0.5
1,fusion,0.35707092988784706,0.2756494296205265,0.13106375591847055,0.015919959925681754,0.12359558152018875,0.016587965120132355,0.08180255537221623,32.02263273433117,20,0.0,0.0,0.75,0.5
1,rf_only,93607363.1988218,73087036.72164558,93607363.1988218,73087036.72164558,93607363.19882128,73087036.72164597,80575860.019757,28943230032859.74,20,100.0,100.0,0.75,0.5
1,track_to_track_ci,1.294477880702835,0.598374800386456,0.7602772705711797,0.7926546694376245,0.7206104592446898,0.7674420425478962,0.16941010034440152,38.24852646082027,20,35.0,0.0,0.75,0.5
1,baseline_geometric,2.941832155906715,0.4010178079415257,2.941832155906715,0.4010178079415257,2.850773626493306,0.3872627006934527,0.09446830293192296,,20,0.0,0.0,0.75,1.0
1,camera_only,1.7164610251731447,1.0968194930340185,0.2204559099948888,0.09914466191306286,0.2113091876491704,0.0982333175444442,0.04724698945656593,2.874578841485441,20,0.0,0.0,0.75,1.0
1,fusion,0.5990815531412981,0.44803773913381795,0.2445664745327197,0.020946744575489843,0.2294646329739609,0.021580602035332377,0.17028268799418073,44.57889390290296,20,0.0,0.0,0.75,1.0
1,rf_only,143926247.9700995,77766648.7422489,143926247.9700995,77766648.7422489,143926247.97009927,77766648.74224906,123507995.81820469,57167473221873.3,20,100.0,100.0,0.75,1.0
1,track_to_track_ci,2.4768325400683464,1.7055542912689032,0.5478280378738349,0.7559672547364722,0.5060550751694921,0.7388691655855962,0.26332425482735833,49.078054043670946,20,9.999999999999998,0.0,0.75,1.0
1,baseline_geometric,8.64592694648339,1.6604620358346551,8.64592694648339,1.6604620358346551,8.3812830432567,1.6053655205433839,0.18895041296432724,,20,0.0,0.0,0.75,2.0
1,camera_only,5.085725907094444,5.516497838452709,1.5461412993754604,5.568520903084788,1.3862931185391363,4.936533160006818,0.8424057166003456,15.047843702027766,20,5.000000000000004,0.0,0.75,2.0
1,fusion,1.7423170880876846,2.116440030635626,0.4343142021078751,0.02620152603295045,0.40414534760104726,0.026801323914087283,0.31994230695479275,62.290534394923625,20,0.0,0.0,0.75,2.0
1,rf_only,617793392.5184206,369137326.08088195,617793392.5184206,369137326.08088195,617793392.5184205,369137326.08088195,518675712.2382905,1103112633431750.6,20,100.0,100.0,0.75,2.0
1,track_to_track_ci,7.220001408941914,7.513140702986572,1.0598344330454559,1.920087276831463,0.959350431309538,1.8004681569568137,0.4678607751946947,595.4301045322834,20,0.0,5.0,0.75,2.0
1,baseline_geometric,0.8683043453688957,0.0984733868992755,0.8683043453688957,0.0984733868992755,0.8506486595282052,0.09693974612032365,0.04650602269737531,,20,0.0,0.0,1.0,0.5
1,camera_only,0.052159208055503524,0.012502431506423219,0.04206090917924581,0.009265730447003222,0.03685089195821574,0.010013368556516923,0.02777527276507874,2.718572200561112,20,0.0,0.0,1.0,0.5
1,fusion,0.15458168383727383,0.09416162452276144,0.09846615359713522,0.0030509907261519866,0.09002358837540687,0.0032778017849886035,0.0734784430783672,31.943888074312696,20,0.0,0.0,1.0,0.5
1,rf_only,176304812.7490772,42520730.300982155,176304812.7490772,42520730.300982155,176304812.74907708,42520730.30098221,153178678.4469314,71749378668144.23,20,100.0,100.0,1.0,0.5
1,track_to_track_ci,0.906717031992493,0.45844718257805167,0.27653590854128535,0.35157465313481967,0.256025590991822,0.3459103870425991,0.15686336443911392,34.72750397487451,20,9.999999999999998,0.0,1.0,0.5
1,baseline_geometric,1.789240957503445,0.20232460352460818,1.789240957503445,0.20232460352460818,1.753003799948376,0.19920471498968986,0.09289064777528837,,20,0.0,0.0,1.0,1.0
1,camera_only,0.8366552581941006,3.1704810594456503,0.06958870700333093,0.009376119978260301,0.060458657011305414,0.010732612107327195,0.049610593425304314,2.8836820601067283,20,0.0,0.0,1.0,1.0
1,fusion,0.4637563593116155,0.607948063242751,0.1920969214735824,0.012219755484208904,0.17513005022123562,0.011590734329036071,0.14726001989083332,43.53634994949612,20,0.0,0.0,1.0,1.0
1,rf_only,278768846.3433951,99186807.63854486,278768846.3433951,99186807.63854486,278768846.34339505,99186807.63854493,239464853.06635493,179303044359751.4,20,100.0,100.0,1.0,1.0
1,track_to_track_ci,1.9337661569141265,1.2574859785292367,0.2819380758580529,0.028242307523445673,0.24694452972190054,0.030870821554529835,0.26099823295334235,41.59818119394302,20,0.0,0.0,1.0,1.0
1,baseline_geometric,8.23650438656259,16.001564194734133,8.23650438656259,16.001564194734133,8.092068876659816,15.765845403752003,0.18596921740880057,,20,0.0,0.0,1.0,2.0
1,camera_only,4.118827120553694,10.799248957199175,0.14226823993379753,0.08166843457017939,0.12504252930946227,0.07612183162214681,0.08863320097967418,3.7114372930995336,20,0.0,10.0,1.0,2.0
1,fusion,1.589033218080582,2.0536437789886834,0.37070166257350007,0.018754124936711712,0.3380304405433042,0.01429002834115645,0.29550612414565025,60.508768353495405,20,0.0,0.0,1.0,2.0
1,rf_only,636205917.1417153,371197586.8143424,636205917.1417153,371197586.8143424,636205917.1417153,371197586.8143424,532746467.1650422,1134978651410345.5,20,100.0,100.0,1.0,2.0
1,track_to_track_ci,4.996234208888399,5.024140115218673,1.644410533154471,4.86149876023895,1.5000293045362423,4.567988035698051,0.507180585873862,592013.9472034486,20,5.000000000000004,0.0,1.0,2.0
1,baseline_geometric,0.07133337885412086,0.0016435987612755487,0.07133337885412086,0.0016435987612755487,0.061615850037768774,0.0013647149215553558,0.05727502635354984,,20,0.0,0.0,1.5,0.5
1,camera_only,0.043282906066118704,0.0019472834896696373,0.04304668055896946,0.0019609767650360516,0.03761319609914152,0.002114719572895786,0.03506219958694727,2.767545872692938,20,0.0,0.0,1.5,0.5
1,fusion,0.1248202630669667,0.002861787952806123,0.12506243656814955,0.00285619933681398,0.11740066575552258,0.002882241294582031,0.10269566343329724,36.647184455827905,20,0.0,0.0,1.5,0.5
1,rf_only,6.9395277818377945,0.024492944880325926,6.9395277818377945,0.024492944880325926,2.1907690454856255,0.0773143125226551,6.178833469554627,97.6218126480384,20,100.0,0.0,1.5,0.5
1,track_to_track_ci,0.20360035058469808,0.016596354342373595,0.2043924952785882,0.016412767867952115,0.18814337317997615,0.016792818224371987,0.19968727284560847,39.391379956552086,20,0.0,0.0,1.5,0.5
1,baseline_geometric,0.14267154103441373,0.003288283596616369,0.14267154103441373,0.003288283596616369,0.12323663774682707,0.002729609538156839,0.11454156401474822,,20,0.0,0.0,1.5,1.0
1,camera_only,0.07828099992470591,0.0038945952309357573,0.07828099992470591,0.0038945952309357573,0.06904052419811442,0.004213873414501769,0.06247933448737385,2.958145625466012,20,0.0,0.0,1.5,1.0
1,fusion,0.24546584433761173,0.005225700416616368,0.24608121081565054,0.005095793393000664,0.2307306890158205,0.005154146410878075,0.20449808014927298,49.901770680074435,20,0.0,0.0,1.5,1.0
1,rf_only,7.3995415523983565,0.07360300641342678,7.3995415523983565,0.07360300641342678,3.3736275397544957,0.1606920101617384,6.669836608906199,82.82882912479707,20,100.0,0.0,1.5,1.0
1,track_to_track_ci,0.3524816440652159,0.030010969701164555,0.3538949268389312,0.02953627326508577,0.3219784206503652,0.031527165364128154,0.34286398582741706,43.04110626435627,20,0.0,0.0,1.5,1.0
1,baseline_geometric,0.2853642930099402,0.006582142915204935,0.2853642930099402,0.006582142915204935,0.2464947098466043,0.005461305921791566,0.22911808073732476,,20,0.0,0.0,1.5,2.0
1,camera_only,0.15820062969508336,0.044963269996152085,0.14427962385549473,0.007577143416062431,0.1286544326598636,0.008406852484106575,0.11400217310590344,3.276387493594819,20,0.0,0.0,1.5,2.0
1,fusion,0.6089342857352348,0.31636169315261614,0.48431937690219173,0.010684527441906125,0.4532577026090471,0.010608967079160017,0.4027241247472243,67.92755034459665,20,0.0,0.0,1.5,2.0
1,rf_only,304320073.95510745,324469920.23593813,304320073.95510745,324469920.23593813,304320073.9551073,324469920.23593825,266456062.6629966,468515031418921.9,20,100.0,100.0,1.5,2.0
1,track_to_track_ci,0.6414577593956305,0.0805465840710458,0.6455605424069806,0.08001039911065606,0.5794672637213246,0.07418759305959227,0.583253757827873,52.26831657083487,20,0.0,0.0,1.5,2.0
2,baseline_geometric,1.690304728811073,0.09509507747281692,1.690304728811073,0.09509507747281692,1.6199713360100851,0.09320985300956841,0.04440711584124042,,20,0.0,0.0,0.75,0.5
2,camera_only,1.0660149754126402,0.39583027885482586,0.2710275281355578,0.11668034038422352,0.2608244631698751,0.11332775693741753,0.023128732623100955,2.7059555099421315,20,0.0,0.0,0.75,0.5
2,fusion,0.34604995713748266,0.11679706534425137,0.15907852662121053,0.03206784504969417,0.1509613944053806,0.03190237684750626,0.05630075287102219,31.33796442130522,20,0.0,0.0,0.75,0.5
2,rf_only,6.626752617524266,0.002793413202665915,6.626752617524266,0.002793413202665915,0.7488862863661174,0.024254879274314734,6.046307784324929,68.64310868447241,20,100.0,0.0,0.75,0.5
2,track_to_track_ci,1.7405668272753243,0.777539128388989,1.0429385400643578,1.0567990372914728,0.9608043326271867,1.016399133459584,0.17353342369892497,40.032377554640554,20,44.99999999999999,0.0,0.75,0.5
2,baseline_geometric,3.5712612589882964,0.21651429176519452,3.5712612589882964,0.21651429176519452,3.4230534345165764,0.21202821939694902,0.08871725762079188,,20,0.0,0.0,0.75,1.0
2,camera_only,1.7309365386000835,0.7963404753935813,0.32255953947114424,0.11449843653542326,0.31005206560085435,0.11149741238584687,0.040812996295481074,2.8976499739189894,20,0.0,0.0,0.75,1.0
2,fusion,0.5181864406121057,0.19355411005992826,0.30504902626426234,0.03908308820292121,0.28673042840020097,0.03892965632056805,0.18014578716312968,47.19598778352451,20,0.0,0.0,0.75,1.0
2,rf_only,6.733345825414803,0.009154267227450226,6.733345825414803,0.009154267227450226,1.4084757336461193,0.042963812775325294,6.141870174108214,91.53775428013641,20,100.0,0.0,0.75,1.0
2,track_to_track_ci,2.591132466951972,1.6511073935101808,0.6121222834803175,0.19784213295998754,0.5830556257840078,0.18777683731488448,0.25928360428568287,54.74667698002527,20,5.000000000000004,0.0,0.75,1.0
2,baseline_geometric,14.292694339456265,23.79969859114728,14.292694339456265,23.79969859114728,13.80503637778566,23.29670019021143,0.17737647508407697,,20,0.0,5.0,0.75,2.0
2,camera_only,3.455558508878692,1.8416020983627863,0.37509272429243384,0.11619958804094187,0.3582868395025468,0.11457781739068676,0.0726405506014801,3.2113944276200677,20,0.0,0.0,0.75,2.0
2,fusion,1.1005566785194665,0.5631814167045768,0.5395443112839143,0.046793307648680255,0.5052559606275039,0.04601639336349213,0.3682496047386277,65.22138316835043,20,0.0,0.0,0.75,2.0
2,rf_only,52615502.41836533,40222623.66205467,52615502.41836533,40222623.66205467,52615502.22621204,40222623.926640525,46180728.27809571,10515190178648.262,20,100.0,95.0,0.75,2.0
2,track_to_track_ci,5.0914723086553,4.752659928079766,0.8553040501195868,0.08004131157668458,0.8103248943169199,0.07932639327319853,0.3950796323104251,73.18630289049693,20,0.0,0.0,0.75,2.0
2,baseline_geometric,1.2424118031580302,0.1028110545195847,1.2424118031580302,0.1028110545195847,1.2074942336468673,0.10034063590611882,0.041345596138609955,,20,0.0,0.0,1.0,0.5
2,camera_only,0.8243041964391835,0.653986629924462,0.11237286309134517,0.043545035587361766,0.10809905052252555,0.04312897632020631,0.02457264746144526,2.760540968267127,20,0.0,0.0,1.0,0.5
2,fusion,0.24999848762411925,0.10275464453470784,0.1361546723881732,0.014099702363735084,0.12802100579338,0.013875481765379637,0.07128164717761365,34.073408403731534,20,0.0,0.0,1.0,0.5
2,rf_only,6.668174564283548,0.0057316727010026085,6.668174564283548,0.0057316727010026085,1.0539942600130385,0.03570637355338435,6.0944068377929606,81.01752278607546,20,100.0,0.0,1.0,0.5
2,track_to_track_ci,1.2542599575694386,0.721861840845423,0.41019041401269957,0.38579835685138,0.3852018405007841,0.37579122441346624,0.1720990097991251,38.774959482384155,20,19.999999999999996,0.0,1.0,0.5
2,baseline_geometric,2.565341377260754,0.2180102334388268,2.565341377260754,0.2180102334388268,2.493223619485815,0.2128850948390409,0.08270417441913411,,20,0.0,0.0,1.0,1.0
2,camera_only,1.8342068296594043,2.17535760464359,0.13809547520991786,0.042986846411224675,0.13091006580131911,0.04321368511032174,0.04396733156001386,2.944386995530788,20,0.0,0.0,1.0,1.0
2,fusion,0.459350805591037,0.19171020984249465,0.2547750117167301,0.01424127305881141,0.23789616918189121,0.013979059940894554,0.15831281005521097,47.726535892572954,20,0.0,0.0,1.0,1.0
2,rf_only,6.86473609518122,0.0177195566414256,6.86473609518122,0.0177195566414256,1.94134284697038,0.061727197908233084,6.1875139810605955,103.86910615022737,20,100.0,0.0,1.0,1.0
2,track_to_track_ci,1.9653176049298218,1.45253344048751,0.45370689772839823,0.615361793246833,0.4143881669089996,0.5984968738873512,0.282451673194003,45.723500984939406,20,5.000000000000004,0.0,1.0,1.0
2,baseline_geometric,10.93240386715844,21.53393592135894,10.93240386715844,21.53393592135894,10.68030576133702,21.16458592814361,0.16538266988181102,,20,0.0,0.0,1.0,2.0
2,camera_only,4.109260186592852,4.821994785817091,0.19475598993348053,0.04639088815701749,0.1809554333718661,0.04763914145080665,0.08048254716392444,3.385171530336801,20,0.0,0.0,1.0,2.0
2,fusion,0.9876243944405381,0.5283115401121659,0.4602157746768981,0.024018876105595617,0.42714209063721514,0.022371423678840256,0.31138122566658966,65.38871041822875,20,0.0,0.0,1.0,2.0
2,rf_only,3548130.1249303655,11763343.133463979,3548130.1249303655,11763343.133463979,3548126.6594890924,11763344.233742703,3080590.8657188485,312653713116.89667,20,100.0,15.0,1.0,2.0
2,track_to_track_ci,3.7808617580448525,1.8342846446972632,0.47937274101030364,0.030388824856991584,0.4137171553653983,0.020865009370251646,0.4318743861433364,57.8823762914913,20,0.0,0.0,1.0,2.0
2,baseline_geometric,0.06784388466695672,0.0024312876692340053,0.06784388466695672,0.0024312876692340053,0.05778575916251581,0.0025096429254053386,0.045429029439943605,,20,0.0,0.0,1.5,0.5
2,camera_only,0.0393732241293954,0.0026085850843608227,0.03790971986579452,0.002209234526648467,0.03233964568957505,0.0022281157876098195,0.028735117878646493,2.760814171148998,20,0.0,0.0,1.5,0.5
2,fusion,0.13115747401331587,0.009526574335753943,0.1297129104002684,0.006037738114460772,0.12140443190066821,0.0056896241821577384,0.0893883592724316,36.69860291596656,20,0.0,0.0,1.5,0.5
2,rf_only,6.8142502831621385,0.017064400920860437,6.8142502831621385,0.017064400920860437,1.754327554195169,0.06609592764828709,6.156202604146905,96.70531027313595,20,100.0,0.0,1.5,0.5
2,track_to_track_ci,0.20528584168195035,0.006424435916965617,0.20616343348120356,0.00642174887999946,0.18814161089137485,0.006231976165831181,0.19575479709931012,40.953272017401574,20,0.0,0.0,1.5,0.5
2,baseline_geometric,0.13567500828860463,0.0048674829019085515,0.13567500828860463,0.0048674829019085515,0.11555798375328738,0.005024857859429287,0.09084609075291548,,20,0.0,0.0,1.5,1.0
2,camera_only,0.07236362357286145,0.00663029646867527,0.06819838970970121,0.004898178592643097,0.05883280487251177,0.004968053457760622,0.05054704491890653,2.9546488714493906,20,0.0,0.0,1.5,1.0
2,fusion,0.3379594365314008,0.37430751668520423,0.25666435589653214,0.010452882792894516,0.24002003965469512,0.010172079949725823,0.18400356078749527,50.81889739929329,20,0.0,0.0,1.5,1.0
2,rf_only,7.2311413725442035,0.04796320709374028,7.2311413725442035,0.04796320709374028,2.987698888099576,0.11597704312925321,6.204550710743899,110.6764392421475,20,100.0,0.0,1.5,1.0
2,track_to_track_ci,0.34485556343506213,0.011376310042071984,0.3468771658883363,0.011225146756097764,0.31177195713694145,0.011340381271767536,0.3319432460472126,44.92821161467372,20,0.0,0.0,1.5,1.0
2,baseline_geometric,0.2713009413676625,0.009753683886166787,0.2713009413676625,0.009753683886166787,0.23106383288300533,0.010071819285321816,0.18163425409145004,,20,0.0,0.0,1.5,2.0
2,camera_only,0.14251349088828907,0.03418935306513577,0.12565347084771444,0.012124201109404677,0.10990240617466873,0.011725670525656484,0.09081716878173009,3.2562516224755655,20,0.0,0.0,1.5,2.0
2,fusion,0.5350305078921254,0.2617238012802662,0.4708018133048032,0.052119991310027786,0.440478951000988,0.048653734633709526,0.35961773254714324,69.52593561193137,20,0.0,0.0,1.5,2.0
2,rf_only,8.055180853456115,0.11190930330550103,8.055180853456115,0.11190930330550103,4.6378271464423,0.19446921413362744,7.18028870351921,118.69664184174749,20,100.0,0.0,1.5,2.0
2,track_to_track_ci,0.5714920357380102,0.0343538016425687,0.5760418368522334,0.033772261047730595,0.5097322682007842,0.029528878808968324,0.540103022974019,53.603214902162186,20,0.0,0.0,1.5,2.0
3,baseline_geometric,1.670275896890102,0.11379350787057342,1.670275896890102,0.11379350787057342,1.6104047642268657,0.10957313719493514,0.04523478752582099,,20,0.0,0.0,0.75,0.5
3,camera_only,1.1701337781381516,0.45249636290387346,0.17883041915722148,0.06651813323602492,0.1726567929565483,0.06497917302307343,0.02429280644791245,2.691754766970617,20,0.0,0.0,0.75,0.5
3,fusion,0.36786611245120915,0.29039071221514895,0.11956660836574648,0.014082163373141929,0.11302590913850075,0.014383931560844877,0.0698764264469545,28.290777289188195,20,0.0,0.0,0.75,0.5
3,rf_only,6.627852516160475,0.004009492724700721,6.627852516160475,0.004009492724700721,0.758149181620935,0.03533249825813483,6.03576057211949,67.33929655484137,20,100.0,0.0,0.75,0.5
3,track_to_track_ci,2.1215405503331715,0.7734037958945037,0.785287650636944,0.8467907586358004,0.7142192179531902,0.796318193148233,0.1794543205592719,37.2932731369511,20,30.000000000000004,0.0,0.75,0.5
3,baseline_geometric,3.6086423188660524,0.362282997813708,3.6086423188660524,0.362282997813708,3.480353553904132,0.34837366568192235,0.09059646368310925,,20,0.0,0.0,0.75,1.0
3,camera_only,2.2825872625179437,0.9436396483088719,0.18351524839607128,0.06352934042367633,0.17468123778840672,0.06330496277726072,0.04334810869691268,2.9134541538828245,20,0.0,0.0,0.75,1.0
3,fusion,0.5398516019890386,0.2671888118546644,0.2118845303756225,0.015585542274895519,0.19904290213921544,0.01608300065567747,0.14189232387550796,39.57394405191117,20,0.0,0.0,0.75,1.0
3,rf_only,6.7226520162729075,0.01375119450430791,6.7226520162729075,0.01375119450430791,1.3554573474651905,0.06880212210378098,6.081996744834611,81.29116492990332,20,100.0,0.0,0.75,1.0
3,track_to_track_ci,4.02666194247933,2.976921757355401,0.5145919046058461,0.7192634280687945,0.4581831777378508,0.6929140310990415,0.24086342463863203,45.15954989771997,20,9.999999999999998,0.0,0.75,1.0
3,baseline_geometric,9.81687211909805,1.2891299615617389,9.81687211909805,1.2891299615617389,9.473219724888802,1.229007236171649,0.18100744983986877,,20,0.0,0.0,0.75,2.0
3,camera_only,5.291211795015743,3.0651842507829117,0.21003013571812854,0.06820950237174096,0.19477536297326792,0.06936346700674145,0.07702922663306133,3.2244398382676644,20,0.0,0.0,0.75,2.0
3,fusion,1.4901759995602935,1.4710286251690483,0.3580689440243883,0.020713206652199855,0.3320599586006205,0.0228334603864413,0.2764739896728031,55.29754607632924,20,0.0,0.0,0.75,2.0
3,rf_only,204410110.05085844,184996096.33493096,204410110.05085844,184996096.33493096,204410110.0508582,184996096.33493108,176855988.0581307,161268522860907.16,20,100.0,100.0,0.75,2.0
3,track_to_track_ci,9.240073263769691,8.338649876585784,2.057018519912447,7.169580771198709,1.9205831686478194,6.903918834850496,0.3980759538839751,62.6535676565876,20,5.000000000000004,5.0,0.75,2.0
3,baseline_geometric,1.1292308707705314,0.09449711756564749,1.1292308707705314,0.09449711756564749,1.1039717709766144,0.09232914102863284,0.0433663591415969,,20,0.0,0.0,1.0,0.5
3,camera_only,1.6781481997788699,1.6212747675487202,0.040772376439304966,0.005005270531544634,0.03487730045193543,0.006068641055450618,0.025872582267282618,2.687465076478629,20,0.0,0.0,1.0,0.5
3,fusion,0.31431507661165276,0.36615295779984874,0.08645801598169296,0.005006096998098431,0.07852713086000097,0.005134871579630786,0.08111393656179018,29.148476548840694,20,0.0,0.0,1.0,0.5
3,rf_only,6.645277115129876,0.006403877217431934,6.645277115129876,0.006403877217431934,0.8972890287046184,0.04758591859418229,6.036499258382279,71.77118358685927,20,100.0,0.0,1.0,0.5
3,track_to_track_ci,1.3447973464830785,0.4602306659380055,0.36143167377304125,0.5167997853142455,0.33235124814845796,0.49286540982406407,0.1622837747596127,37.673880750136526,20,9.999999999999998,0.0,1.0,0.5
3,baseline_geometric,2.355477793354179,0.23802600517998734,2.355477793354179,0.23802600517998734,2.3029358484810634,0.23254877800432255,0.0867275746789687,,20,0.0,0.0,1.0,1.0
3,camera_only,3.216953534602726,3.6875298695529746,0.06864311406981852,0.007998416435896365,0.058409035081073535,0.00912665420352919,0.04574428834027802,2.9019900332354647,20,0.0,0.0,1.0,1.0
3,fusion,0.4661897041549351,0.2735463642800119,0.16197839275058837,0.005698149832507491,0.14600451859363123,0.005440832125595144,0.15999658394044375,40.25215351372911,20,0.0,0.0,1.0,1.0
3,rf_only,6.777730032582676,0.022300437099686012,6.777730032582676,0.022300437099686012,1.6053500342432916,0.09447913688007709,6.091653262079415,86.6733677017703,20,100.0,0.0,1.0,1.0
3,track_to_track_ci,2.5190424862290386,1.235513116830406,0.3315247468579014,0.2962293385403052,0.2914837163972031,0.29367059606625046,0.2582867095352127,42.452210062834546,20,5.000000000000004,0.0,1.0,1.0
3,baseline_geometric,5.751478564670538,1.041961960838275,5.751478564670538,1.041961960838275,5.623563423448161,1.015830115265749,0.17356112335057092,,20,0.0,0.0,1.0,2.0
3,camera_only,4.810164650964351,3.356408961048852,0.12086161277990334,0.015066062082558363,0.1032168281075803,0.01460511839400833,0.083331784334465,3.4450185972734184,20,0.0,0.0,1.0,2.0
3,fusion,1.3315278035037725,1.4359061448310837,0.3227057243552821,0.01372253811498991,0.29091208766272747,0.013737243213399463,0.3132582523413102,56.35602162761243,20,0.0,0.0,1.0,2.0
3,rf_only,37369441.00164803,45526923.25191304,37369441.00164803,45526923.25191304,37369440.338613845,45526923.82478851,32869185.160796203,8486982637415.386,20,100.0,85.0,1.0,2.0
3,track_to_track_ci,5.861359560231413,4.1532707720910995,0.4084777703208385,0.1651221938921048,0.3397054343681263,0.17292025498462246,0.3750117420331279,49.834724562048066,20,0.0,0.0,1.0,2.0
3,baseline_geometric,0.06990090078755411,0.00160490600427167,0.06990090078755411,0.00160490600427167,0.05723490834524954,0.002132497143742826,0.05162883593122599,,20,0.0,0.0,1.5,0.5
3,camera_only,0.03940833716859504,0.001570272980296183,0.038255504612346704,0.0015400709696371416,0.03147323857724386,0.0017453940761416869,0.030713001320954548,2.6838288024942267,20,0.0,0.0,1.5,0.5
3,fusion,0.12118853707358727,0.04769578880113266,0.10429702134599791,0.0048987184474746075,0.09570161016017843,0.004869059555355667,0.09725997294864022,33.463496492196455,20,0.0,0.0,1.5,0.5
3,rf_only,6.704822098880699,0.013931453987733359,6.704822098880699,0.013931453987733359,1.2637900152283783,0.0739163865613123,6.054381937783174,79.0278786379298,20,100.0,0.0,1.5,0.5
3,track_to_track_ci,0.2346095538761154,0.08242645601992435,0.21525125955975505,0.048101358628838124,0.19815573029110645,0.048143434641823586,0.20747772217568544,40.71273859585121,20,0.0,0.0,1.5,0.5
3,baseline_geometric,0.1398017606893403,0.00321298853481134,0.1398017606893403,0.00321298853481134,0.11447099893444457,0.004266548202601174,0.10323612982754579,,20,0.0,0.0,1.5,1.0
3,camera_only,0.07114590395925809,0.003826565511415525,0.06844620053374463,0.0035204525846882504,0.05699395256242469,0.003735150477367053,0.0547138690755524,2.833362840295852,20,0.0,0.0,1.5,1.0
3,fusion,0.25625231237866003,0.1304785058374998,0.20519796520320904,0.0067470113124527,0.18791995836740213,0.006613034290264243,0.1937489102632592,46.06759040412108,20,0.0,0.0,1.5,1.0
3,rf_only,6.945209176803092,0.04596136902898261,6.945209176803092,0.04596136902898261,2.20580836103398,0.14465458660986316,6.1169101576104,92.40796542126934,20,100.0,0.0,1.5,1.0
3,track_to_track_ci,0.33697695115147847,0.1044749461381913,0.3064397951216005,0.024760649940709187,0.26468746717547637,0.030606372124293135,0.300552496213297,42.87992294575968,20,0.0,0.0,1.5,1.0
3,baseline_geometric,0.27960420849632484,0.0064382012160840284,0.27960420849632484,0.0064382012160840284,0.2289473988409779,0.008539279475436963,0.20646906132048587,,20,0.0,0.0,1.5,2.0
3,camera_only,0.593032502613271,2.0254148862844605,0.13963837530514028,0.06923659987902275,0.11761722898438816,0.05760903848931753,0.09885876833960769,3.512874523765587,20,0.0,0.0,1.5,2.0
3,fusion,0.756257215229093,0.45465764455561625,0.4145635809985371,0.014662437732219587,0.37877692710503547,0.014187699359008103,0.38622877715166004,64.9712054708169,20,0.0,0.0,1.5,2.0
3,rf_only,982134.2643658124,4020998.7742887824,982134.2643658124,4020998.7742887824,982130.629088462,4020999.708935266,833994.0229760192,33355852397.145203,20,100.0,10.0,1.5,2.0
3,track_to_track_ci,0.5538841736488167,0.20974991424031086,0.5391214986811713,0.19910865168493588,0.45031028466481066,0.1787263505937068,0.4734527993563963,63.55467536312631,20,0.0,0.0,1.5,2.0
